step,clip,win_start,sig_idx,sigma,loss,kept,grad_norm_preclip,step_s,peak_alloc_GiB
1,0160,44,3,30.99,0.219115,0.4429,0.6150,1.902,15.20
2,0094,44,2,102.9,0.136776,0.2066,0.1320,1.021,15.22
3,0160,132,2,102.9,0.225657,0.4567,0.7151,1.011,15.22
4,0094,88,7,0.002,0.997056,0.0865,0.1212,1.016,15.22
5,0160,88,3,30.99,0.213210,0.4633,0.6800,1.007,15.22
6,0094,0,7,0.002,1.003047,0.2160,0.1910,1.035,15.22
7,0160,0,3,30.99,0.218492,0.4687,0.6473,1.022,15.22
8,0094,132,6,0.09739,0.615451,0.0720,0.4330,1.010,15.22
9,0160,132,1,286.5,0.217460,0.4567,0.7014,1.012,15.22
10,0094,132,0,700,0.484805,0.0720,1.1778,1.009,15.22
11,0160,44,0,700,0.220206,0.4429,0.7068,1.006,15.22
12,0094,88,0,700,0.143513,0.0865,0.3126,1.007,15.22
13,0160,88,2,102.9,0.209372,0.4633,0.6757,1.009,15.22
14,0094,0,2,102.9,0.156141,0.2160,0.2053,1.016,15.22
15,0160,0,7,0.002,0.999096,0.4687,0.1227,1.013,15.22
16,0094,44,4,7.276,0.135812,0.2066,0.1339,1.010,15.22
17,0160,88,6,0.09739,0.255623,0.4633,0.1748,1.009,15.22
18,0094,0,6,0.09739,0.569099,0.2160,0.6514,1.014,15.22
19,0160,0,0,700,0.214577,0.4687,0.6828,1.010,15.22
20,0094,88,3,30.99,0.143742,0.0865,0.3303,1.011,15.22
