step,win_start,traj_step,sigma,loss,grad_norm_preclip,step_s,peak_alloc_GiB
1,0,3,30.99,0,0,1.038,15.21
2,11,2,102.9,0,0,1.009,15.22
3,22,2,102.9,0,0,1.002,15.22
4,33,7,0.002,0,0,0.998,15.22
5,44,3,30.99,0,0,0.994,15.22
6,55,7,0.002,0,0,0.994,15.22
7,66,3,30.99,0,0,0.993,15.22
8,77,6,0.09739,0,0,0.994,15.22
9,88,1,286.5,0,0,0.993,15.22
10,99,0,700,0,0,0.994,15.22
11,110,0,700,0,0,0.993,15.22
12,121,0,700,0,0,0.993,15.22
13,132,2,102.9,0,0,0.993,15.22
14,0,2,102.9,0,0,0.993,15.22
15,11,7,0.002,0,0,0.993,15.22
16,22,4,7.276,0,0,0.994,15.22
17,33,6,0.09739,0,0,0.994,15.22
18,44,6,0.09739,0,0,0.993,15.22
19,55,0,700,0,0,0.994,15.22
20,66,3,30.99,0,0,0.994,15.22
21,77,6,0.09739,0,0,0.993,15.22
22,88,7,0.002,0,0,0.993,15.22
23,99,3,30.99,0,0,0.993,15.22
24,110,7,0.002,0,0,0.993,15.22
25,121,6,0.09739,0,0,0.994,15.22
26,132,6,0.09739,0,0,0.993,15.22
27,0,0,700,0,0,0.993,15.22
28,11,5,1.168,0,0,0.994,15.22
29,22,4,7.276,0,0,0.994,15.22
30,33,6,0.09739,0,0,0.994,15.22
31,44,5,1.168,0,0,0.993,15.22
32,55,0,700,0,0,0.994,15.22
33,66,7,0.002,0,0,0.994,15.22
34,77,2,102.9,0,0,0.993,15.22
35,88,5,1.168,0,0,0.994,15.22
36,99,5,1.168,0,0,0.993,15.22
37,110,3,30.99,0,0,0.993,15.22
38,121,0,700,0,0,0.993,15.22
39,132,3,30.99,0,0,0.994,15.22
40,0,3,30.99,0,0,0.995,15.22
41,11,2,102.9,0,0,0.995,15.22
42,22,2,102.9,0,0,0.994,15.22
43,33,1,286.5,0,0,0.994,15.22
44,44,3,30.99,0,0,0.993,15.22
45,55,4,7.276,0,0,0.994,15.22
46,66,2,102.9,0,0,0.993,15.22
47,77,7,0.002,0,0,0.994,15.22
48,88,3,30.99,0,0,0.993,15.22
49,99,3,30.99,0,0,0.994,15.22
50,110,3,30.99,0,0,0.993,15.22
51,121,5,1.168,0,0,0.993,15.22
52,132,4,7.276,0,0,0.994,15.22
53,0,7,0.002,0,0,0.994,15.22
54,11,3,30.99,0,0,0.993,15.22
55,22,1,286.5,0,0,0.994,15.22
56,33,4,7.276,0,0,0.993,15.22
57,44,2,102.9,0,0,0.994,15.22
58,55,5,1.168,0,0,0.994,15.22
59,66,5,1.168,0,0,0.995,15.22
60,77,2,102.9,0,0,0.993,15.22
61,88,6,0.09739,0,0,0.993,15.22
62,99,3,30.99,0,0,0.994,15.22
63,110,0,700,0,0,0.993,15.22
64,121,5,1.168,0,0,0.995,15.22
65,132,7,0.002,0,0,0.994,15.22
66,0,1,286.5,0,0,0.994,15.22
67,11,4,7.276,0,0,0.994,15.22
68,22,0,700,0,0,0.994,15.22
69,33,2,102.9,0,0,0.994,15.22
70,44,2,102.9,0,0,0.994,15.22
71,55,4,7.276,0,0,0.993,15.22
72,66,7,0.002,0,0,0.994,15.22
73,77,3,30.99,0,0,0.993,15.22
74,88,3,30.99,0,0,0.993,15.22
75,99,6,0.09739,0,0,0.994,15.22
76,110,7,0.002,0,0,0.996,15.22
77,121,0,700,0,0,0.994,15.22
78,132,2,102.9,0,0,0.994,15.22
79,0,5,1.168,0,0,0.994,15.22
80,11,6,0.09739,0,0,0.994,15.22
81,22,7,0.002,0,0,0.994,15.22
82,33,3,30.99,0,0,0.994,15.22
83,44,6,0.09739,0,0,0.994,15.22
84,55,3,30.99,0,0,0.994,15.22
85,66,4,7.276,0,0,0.994,15.22
86,77,6,0.09739,0,0,0.994,15.22
87,88,3,30.99,0,0,0.994,15.22
88,99,1,286.5,0,0,0.994,15.22
89,110,7,0.002,0,0,0.994,15.22
90,121,6,0.09739,0,0,0.994,15.22
91,132,1,286.5,0,0,0.994,15.22
92,0,6,0.09739,0,0,0.994,15.22
93,11,6,0.09739,0,0,0.994,15.22
94,22,0,700,0,0,0.994,15.22
95,33,6,0.09739,0,0,0.994,15.22
96,44,7,0.002,0,0,0.994,15.22
97,55,7,0.002,0,0,0.994,15.22
98,66,2,102.9,0,0,0.993,15.22
99,77,4,7.276,0,0,0.996,15.22
100,88,2,102.9,0,0,0.997,15.22
101,99,3,30.99,0,0,0.993,15.22
102,110,4,7.276,0,0,0.994,15.22
103,121,4,7.276,0,0,0.994,15.22
104,132,0,700,0,0,0.994,15.22
105,0,7,0.002,0,0,0.994,15.22
106,11,6,0.09739,0,0,0.994,15.22
107,22,1,286.5,0,0,0.994,15.22
108,33,4,7.276,0,0,0.994,15.22
109,44,7,0.002,0,0,0.994,15.22
110,55,5,1.168,0,0,0.994,15.22
111,66,4,7.276,0,0,0.995,15.22
112,77,4,7.276,0,0,0.994,15.22
113,88,7,0.002,0,0,0.994,15.22
114,99,6,0.09739,0,0,0.994,15.22
115,110,0,700,0,0,0.994,15.22
116,121,6,0.09739,0,0,0.994,15.22
117,132,5,1.168,0,0,0.993,15.22
118,0,1,286.5,0,0,0.993,15.22
119,11,1,286.5,0,0,0.993,15.22
120,22,1,286.5,0,0,0.994,15.22
121,33,0,700,0,0,0.994,15.22
122,44,2,102.9,0,0,0.994,15.22
123,55,2,102.9,0,0,0.994,15.22
124,66,1,286.5,0,0,0.994,15.22
125,77,0,700,0,0,0.994,15.22
126,88,0,700,0,0,0.994,15.22
127,99,0,700,0,0,0.994,15.22
128,110,2,102.9,0,0,0.994,15.22
129,121,3,30.99,0,0,0.994,15.22
130,132,5,1.168,0,0,0.994,15.22
131,0,3,30.99,0,0,0.994,15.22
132,11,6,0.09739,0,0,0.994,15.22
133,22,1,286.5,0,0,0.994,15.22
134,33,6,0.09739,0,0,0.994,15.22
135,44,3,30.99,0,0,0.994,15.22
136,55,2,102.9,0,0,0.994,15.22
137,66,6,0.09739,0,0,0.994,15.22
138,77,1,286.5,0,0,0.994,15.22
139,88,2,102.9,0,0,0.993,15.22
140,99,2,102.9,0,0,0.994,15.22
141,110,5,1.168,0,0,0.993,15.22
142,121,4,7.276,0,0,0.993,15.22
143,132,2,102.9,0,0,0.993,15.22
144,0,4,7.276,0,0,0.994,15.22
145,11,1,286.5,0,0,0.994,15.22
146,22,1,286.5,0,0,0.994,15.22
147,33,7,0.002,0,0,0.994,15.22
148,44,6,0.09739,0,0,0.994,15.22
149,55,3,30.99,0,0,0.994,15.22
150,66,5,1.168,0,0,0.994,15.22
151,77,3,30.99,0,0,0.994,15.22
152,88,5,1.168,0,0,0.994,15.22
153,99,6,0.09739,0,0,0.994,15.22
154,110,3,30.99,0,0,0.994,15.22
155,121,6,0.09739,0,0,0.994,15.22
156,132,2,102.9,0,0,0.994,15.22
157,0,3,30.99,0,0,0.994,15.22
158,11,6,0.09739,0,0,0.994,15.22
159,22,2,102.9,0,0,0.994,15.22
160,33,2,102.9,0,0,0.994,15.22
161,44,2,102.9,0,0,0.994,15.22
162,55,0,700,0,0,0.994,15.22
163,66,4,7.276,0,0,0.994,15.22
164,77,7,0.002,0,0,0.994,15.22
165,88,7,0.002,0,0,0.993,15.22
166,99,5,1.168,0,0,0.994,15.22
167,110,4,7.276,0,0,0.994,15.22
168,121,3,30.99,0,0,0.997,15.22
169,132,6,0.09739,0,0,1.001,15.22
170,0,2,102.9,0,0,0.994,15.22
171,11,7,0.002,0,0,0.994,15.22
172,22,0,700,0,0,0.994,15.22
173,33,0,700,0,0,0.995,15.22
174,44,5,1.168,0,0,0.995,15.22
175,55,4,7.276,0,0,0.995,15.22
176,66,7,0.002,0,0,0.995,15.22
177,77,0,700,0,0,0.994,15.22
178,88,1,286.5,0,0,0.994,15.22
179,99,2,102.9,0,0,0.995,15.22
180,110,1,286.5,0,0,0.998,15.22
181,121,3,30.99,0,0,1.004,15.22
182,132,5,1.168,0,0,0.999,15.22
183,0,7,0.002,0,0,1.004,15.22
184,11,7,0.002,0,0,1.002,15.22
185,22,0,700,0,0,1.000,15.22
186,33,4,7.276,0,0,0.994,15.22
187,44,6,0.09739,0,0,0.994,15.22
188,55,7,0.002,0,0,0.994,15.22
189,66,1,286.5,0,0,0.993,15.22
190,77,4,7.276,0,0,0.993,15.22
191,88,7,0.002,0,0,0.993,15.22
192,99,1,286.5,0,0,0.994,15.22
193,110,4,7.276,0,0,0.993,15.22
194,121,6,0.09739,0,0,0.994,15.22
195,132,4,7.276,0,0,0.994,15.22
196,0,5,1.168,0,0,0.994,15.22
197,11,1,286.5,0,0,0.994,15.22
198,22,3,30.99,0,0,0.994,15.22
199,33,6,0.09739,0,0,0.994,15.22
200,44,5,1.168,0,0,0.994,15.22
201,55,6,0.09739,0,0,0.994,15.22
202,66,2,102.9,0,0,0.995,15.22
203,77,1,286.5,0,0,0.994,15.22
204,88,7,0.002,0,0,0.994,15.22
205,99,4,7.276,0,0,0.994,15.22
206,110,7,0.002,0,0,0.994,15.22
207,121,2,102.9,0,0,0.993,15.22
208,132,0,700,0,0,0.993,15.22
209,0,2,102.9,0,0,0.994,15.22
210,11,5,1.168,0,0,0.993,15.22
211,22,5,1.168,0,0,0.994,15.22
212,33,6,0.09739,0,0,0.993,15.22
213,44,5,1.168,0,0,0.994,15.22
214,55,4,7.276,0,0,0.994,15.22
215,66,6,0.09739,0,0,0.994,15.22
216,77,5,1.168,0,0,0.993,15.22
217,88,3,30.99,0,0,0.994,15.22
218,99,7,0.002,0,0,0.993,15.22
219,110,5,1.168,0,0,0.993,15.22
220,121,5,1.168,0,0,0.993,15.22
221,132,2,102.9,0,0,0.994,15.22
222,0,5,1.168,0,0,0.994,15.22
223,11,3,30.99,0,0,0.993,15.22
224,22,0,700,0,0,0.993,15.22
225,33,4,7.276,0,0,0.993,15.22
226,44,7,0.002,0,0,0.994,15.22
227,55,7,0.002,0,0,0.993,15.22
228,66,6,0.09739,0,0,0.993,15.22
229,77,2,102.9,0,0,0.993,15.22
230,88,0,700,0,0,0.994,15.22
231,99,5,1.168,0,0,0.994,15.22
232,110,0,700,0,0,0.994,15.22
233,121,2,102.9,0,0,0.994,15.22
234,132,5,1.168,0,0,0.994,15.22
235,0,7,0.002,0,0,0.995,15.22
236,11,7,0.002,0,0,0.994,15.22
237,22,0,700,0,0,0.994,15.22
238,33,1,286.5,0,0,0.994,15.22
239,44,7,0.002,0,0,0.994,15.22
240,55,6,0.09739,0,0,0.995,15.22
241,66,7,0.002,0,0,0.995,15.22
242,77,1,286.5,0,0,0.994,15.22
243,88,5,1.168,0,0,0.995,15.22
244,99,3,30.99,0,0,0.995,15.22
245,110,5,1.168,0,0,0.995,15.22
246,121,3,30.99,0,0,0.994,15.22
247,132,0,700,0,0,0.994,15.22
248,0,2,102.9,0,0,0.994,15.22
249,11,1,286.5,0,0,0.994,15.22
250,22,4,7.276,0,0,0.995,15.22
251,33,5,1.168,0,0,0.994,15.22
252,44,1,286.5,0,0,0.994,15.22
253,55,0,700,0,0,0.993,15.22
254,66,4,7.276,0,0,0.994,15.22
255,77,5,1.168,0,0,0.994,15.22
256,88,2,102.9,0,0,0.995,15.22
257,99,4,7.276,0,0,0.994,15.22
258,110,5,1.168,0,0,0.994,15.22
259,121,2,102.9,0,0,0.994,15.22
260,132,1,286.5,0,0,0.994,15.22
261,0,7,0.002,0,0,0.994,15.22
262,11,4,7.276,0,0,0.994,15.22
263,22,0,700,0,0,0.994,15.22
264,33,4,7.276,0,0,0.994,15.22
265,44,2,102.9,0,0,0.994,15.22
266,55,5,1.168,0,0,0.994,15.22
267,66,6,0.09739,0,0,0.994,15.22
268,77,4,7.276,0,0,0.994,15.22
269,88,2,102.9,0,0,0.994,15.22
270,99,4,7.276,0,0,0.994,15.22
271,110,1,286.5,0,0,0.994,15.22
272,121,1,286.5,0,0,0.994,15.22
273,132,2,102.9,0,0,0.994,15.22
274,0,4,7.276,0,0,0.994,15.22
275,11,5,1.168,0,0,0.994,15.22
276,22,3,30.99,0,0,0.994,15.22
277,33,4,7.276,0,0,0.994,15.22
278,44,5,1.168,0,0,0.994,15.22
279,55,7,0.002,0,0,0.994,15.22
280,66,2,102.9,0,0,0.994,15.22
281,77,5,1.168,0,0,0.994,15.22
282,88,3,30.99,0,0,0.994,15.22
283,99,5,1.168,0,0,0.994,15.22
284,110,3,30.99,0,0,0.994,15.22
285,121,0,700,0,0,0.994,15.22
286,132,5,1.168,0,0,0.994,15.22
287,0,7,0.002,0,0,0.994,15.22
288,11,3,30.99,0,0,0.994,15.22
289,22,2,102.9,0,0,0.994,15.22
290,33,5,1.168,0,0,0.994,15.22
291,44,6,0.09739,0,0,0.993,15.22
292,55,4,7.276,0,0,0.994,15.22
293,66,6,0.09739,0,0,0.994,15.22
294,77,1,286.5,0,0,0.993,15.22
295,88,5,1.168,0,0,0.994,15.22
296,99,0,700,0,0,0.994,15.22
297,110,0,700,0,0,0.994,15.22
298,121,2,102.9,0,0,0.994,15.22
299,132,5,1.168,0,0,0.995,15.22
300,0,2,102.9,0,0,0.994,15.22
