step,clip,win,loss,rel_k4,rel_k5,rel_k6,grad_norm_preclip,step_s,peak_GiB
1,0204,0,0.0101969,1.30788e-01,9.69129e-02,1.54926e-02,5.16275,2.902,15.27
2,0204,11,0.0118147,1.30275e-01,1.09320e-01,1.35693e-02,7.55667,2.854,15.30
3,0204,22,0.00756529,9.59505e-02,9.31717e-02,1.29884e-02,4.8048,2.865,15.30
4,0204,33,0.00711108,1.00963e-01,8.45646e-02,1.32829e-02,3.04135,2.846,15.30
5,0204,44,0.00666454,1.00813e-01,7.99776e-02,1.28762e-02,2.81994,2.870,15.30
6,0204,55,0.00442059,7.46814e-02,7.03488e-02,1.22294e-02,1.95727,2.872,15.30
7,0204,66,0.0044439,7.67853e-02,6.81072e-02,1.18672e-02,2.15348,2.897,15.30
8,0204,77,0.0045334,7.95102e-02,6.80147e-02,1.23192e-02,2.39482,2.895,15.30
9,0204,88,0.00376027,6.69675e-02,6.52603e-02,1.28462e-02,1.66507,2.876,15.30
10,0204,99,0.00333474,6.08643e-02,6.26221e-02,1.28546e-02,1.46669,2.871,15.30
11,0204,110,0.0032721,5.88697e-02,6.32067e-02,1.25565e-02,1.49534,2.870,15.30
12,0204,121,0.00308598,5.72438e-02,6.05602e-02,1.18487e-02,1.32529,2.896,15.30
13,0204,132,0.00298993,5.51270e-02,6.07015e-02,1.09641e-02,1.61501,2.886,15.30
14,0301,0,0.004041,6.29211e-02,7.76838e-02,1.20872e-02,1.62475,2.883,15.30
15,0301,11,0.00402281,6.32309e-02,7.91205e-02,1.11929e-02,1.88143,2.858,15.30
16,0301,22,0.00393896,6.44087e-02,7.95857e-02,1.14690e-02,1.83555,2.880,15.30
17,0301,33,0.00414617,7.30336e-02,8.19310e-02,1.20520e-02,1.76086,2.879,15.30
18,0301,44,0.00407594,7.33710e-02,8.14068e-02,1.23309e-02,2.00532,2.871,15.30
19,0301,55,0.00363688,6.62908e-02,7.73116e-02,1.25323e-02,1.26585,2.890,15.30
20,0301,66,0.00380676,6.61550e-02,7.93269e-02,1.26069e-02,2.66905,2.886,15.30
21,0301,77,0.00362437,6.66031e-02,7.61898e-02,1.22199e-02,2.23603,2.872,15.30
22,0301,88,0.00351799,6.59333e-02,7.66960e-02,1.16436e-02,2.30566,2.894,15.30
23,0301,99,0.00338175,6.47897e-02,7.51191e-02,1.17669e-02,1.68329,2.869,15.30
24,0301,110,0.00343539,6.52492e-02,7.55010e-02,1.17578e-02,2.00536,2.879,15.30
25,0301,121,0.00321289,6.07756e-02,7.38065e-02,1.12425e-02,1.41101,2.885,15.30
26,0301,132,0.00309216,5.81154e-02,7.27026e-02,1.10957e-02,1.27942,2.874,15.30
27,0204,0,0.00333173,6.66633e-02,6.12381e-02,9.41851e-03,1.87081,2.867,15.30
28,0204,11,0.00272767,5.46533e-02,5.72051e-02,9.50742e-03,1.47708,2.858,15.30
29,0204,22,0.00264464,5.33635e-02,5.67386e-02,9.67624e-03,1.34826,2.875,15.30
30,0204,33,0.00263108,5.46706e-02,5.55536e-02,9.87963e-03,1.57398,2.846,15.30
31,0204,44,0.00263672,5.34054e-02,5.65405e-02,1.02156e-02,1.25794,2.880,15.30
32,0204,55,0.00261845,5.32800e-02,5.65415e-02,1.01299e-02,1.58751,2.873,15.30
33,0204,66,0.00230218,4.80218e-02,5.32069e-02,9.79602e-03,1.00404,2.901,15.30
34,0204,77,0.00226434,4.76170e-02,5.32275e-02,9.48455e-03,0.865057,2.895,15.30
35,0204,88,0.0022345,4.64783e-02,5.33960e-02,9.29573e-03,0.795741,2.901,15.30
36,0204,99,0.00220282,4.54280e-02,5.34046e-02,9.21398e-03,0.894566,2.879,15.30
37,0204,110,0.00222369,4.65611e-02,5.34717e-02,9.03846e-03,1.0387,2.874,15.30
38,0204,121,0.00215237,4.41917e-02,5.27502e-02,8.87520e-03,0.963054,2.886,15.30
39,0204,132,0.00214495,4.36112e-02,5.31001e-02,8.92527e-03,0.935199,2.872,15.30
40,0301,0,0.00339684,5.24953e-02,7.36440e-02,1.02708e-02,1.66204,2.845,15.30
41,0301,11,0.00323406,5.30069e-02,7.26335e-02,9.50900e-03,1.37599,2.855,15.30
42,0301,22,0.00320702,5.84668e-02,7.17786e-02,9.56537e-03,1.7056,2.874,15.30
43,0301,33,0.00340966,6.55860e-02,7.47772e-02,9.95063e-03,1.54505,2.870,15.30
44,0301,44,0.00343212,6.66472e-02,7.52332e-02,1.01755e-02,1.71974,2.846,15.30
45,0301,55,0.00298397,5.94860e-02,7.04699e-02,1.04188e-02,0.872631,2.878,15.30
46,0301,66,0.00323229,5.87475e-02,7.42203e-02,1.11013e-02,2.38952,2.877,15.30
47,0301,77,0.00309344,6.00021e-02,7.11668e-02,1.11243e-02,1.83104,2.867,15.30
48,0301,88,0.00326258,6.41225e-02,7.37100e-02,1.03037e-02,2.508,2.900,15.30
49,0301,99,0.00319595,6.46995e-02,7.23956e-02,1.02256e-02,1.96706,2.892,15.30
50,0301,110,0.00307721,6.36941e-02,7.06252e-02,1.04265e-02,1.7059,2.870,15.30
51,0301,121,0.00290395,5.84231e-02,6.99934e-02,9.96125e-03,1.47248,2.899,15.30
52,0301,132,0.00269991,5.30853e-02,6.86484e-02,9.37878e-03,0.974584,2.900,15.30
53,0204,0,0.00281232,5.95019e-02,5.74250e-02,8.43559e-03,1.37075,2.881,15.30
54,0204,11,0.00243976,5.15953e-02,5.42080e-02,8.73213e-03,1.71803,2.899,15.30
55,0204,22,0.00267147,5.69571e-02,5.51579e-02,9.05833e-03,1.60856,2.887,15.30
56,0204,33,0.00254266,5.52750e-02,5.37661e-02,9.25427e-03,1.6028,2.872,15.30
57,0204,44,0.00244423,5.07416e-02,5.49295e-02,9.33831e-03,1.36082,2.879,15.30
58,0204,55,0.0024847,5.33184e-02,5.43597e-02,9.35500e-03,1.46127,2.877,15.30
59,0204,66,0.0022221,4.81310e-02,5.18991e-02,8.89899e-03,1.47039,2.912,15.30
60,0204,77,0.00221621,4.76312e-02,5.25049e-02,8.75174e-03,1.15756,2.902,15.30
61,0204,88,0.00216119,4.57849e-02,5.25555e-02,8.74188e-03,0.996876,2.860,15.30
62,0204,99,0.00215919,4.51652e-02,5.28260e-02,8.87643e-03,1.27091,2.875,15.30
63,0204,110,0.0022642,4.86121e-02,5.31103e-02,8.95153e-03,1.20067,2.868,15.30
64,0204,121,0.00205309,4.31267e-02,5.15539e-02,8.58150e-03,0.728952,2.889,15.30
65,0204,132,0.00211863,4.40337e-02,5.24898e-02,8.55255e-03,1.0087,2.875,15.30
66,0301,0,0.00336221,5.26353e-02,7.31358e-02,9.99287e-03,1.69461,2.872,15.30
67,0301,11,0.00317535,5.27002e-02,7.19939e-02,8.77499e-03,1.57187,2.902,15.30
68,0301,22,0.00298192,5.52844e-02,6.97616e-02,8.88219e-03,1.39362,2.865,15.30
69,0301,33,0.00325545,6.36368e-02,7.33599e-02,9.23137e-03,1.51945,2.874,15.30
70,0301,44,0.00317547,6.25686e-02,7.32600e-02,8.83188e-03,1.57071,2.876,15.30
71,0301,55,0.00278751,5.54924e-02,6.92273e-02,8.96854e-03,0.971027,2.861,15.30
72,0301,66,0.0030308,5.66334e-02,7.20731e-02,1.02324e-02,2.23004,2.860,15.30
73,0301,77,0.00298939,5.84733e-02,7.02853e-02,1.04787e-02,1.80325,2.879,15.30
74,0301,88,0.0031337,6.25626e-02,7.24544e-02,9.60258e-03,2.40957,2.883,15.30
75,0301,99,0.00302363,6.37230e-02,7.00687e-02,9.63318e-03,1.77571,2.895,15.30
76,0301,110,0.00295802,6.15735e-02,6.97118e-02,1.00315e-02,1.83732,2.889,15.30
77,0301,121,0.00280154,5.64194e-02,6.92145e-02,9.66829e-03,1.45891,2.877,15.30
78,0301,132,0.00267478,5.28535e-02,6.83493e-02,9.15739e-03,1.06824,2.937,15.30
79,0204,0,0.00291268,6.15376e-02,5.78896e-02,8.15940e-03,1.49551,2.880,15.30
80,0204,11,0.00221955,4.84607e-02,5.21475e-02,8.27632e-03,0.815901,2.903,15.30
81,0204,22,0.00235863,5.22014e-02,5.26458e-02,8.49526e-03,1.28703,2.876,15.30
82,0204,33,0.00237764,5.35283e-02,5.19700e-02,8.82132e-03,1.18934,2.897,15.30
83,0204,44,0.00238327,4.87897e-02,5.50303e-02,8.90372e-03,1.26689,2.871,15.30
84,0204,55,0.00229306,4.97639e-02,5.30984e-02,8.85031e-03,1.22237,2.878,15.30
85,0204,66,0.00205935,4.50629e-02,5.06826e-02,8.48650e-03,0.792462,2.893,15.30
86,0204,77,0.00220381,4.71525e-02,5.25987e-02,8.46490e-03,1.20218,2.881,15.30
87,0204,88,0.00210836,4.47693e-02,5.21831e-02,8.45054e-03,0.872663,2.860,15.30
88,0204,99,0.00208502,4.49576e-02,5.16712e-02,8.41912e-03,0.903846,2.875,15.30
89,0204,110,0.00210296,4.51576e-02,5.21592e-02,8.31022e-03,0.968318,2.875,15.30
90,0204,121,0.00198937,4.19952e-02,5.10451e-02,8.10225e-03,0.707354,2.868,15.30
91,0204,132,0.00204432,4.24929e-02,5.19805e-02,8.20726e-03,1.02556,2.876,15.30
92,0301,0,0.00331423,5.23951e-02,7.26189e-02,9.51966e-03,1.88089,2.892,15.30
93,0301,11,0.00307926,5.22404e-02,7.07636e-02,8.56000e-03,1.4867,2.886,15.30
94,0301,22,0.00305047,5.74322e-02,6.99263e-02,8.58890e-03,1.81381,2.855,15.30
95,0301,33,0.00336597,6.53765e-02,7.43272e-02,8.97407e-03,1.94398,2.874,15.30
96,0301,44,0.00321088,6.24651e-02,7.38782e-02,8.91428e-03,1.45671,2.865,15.30
97,0301,55,0.00284648,5.68199e-02,6.96320e-02,8.93913e-03,1.09519,2.877,15.30
98,0301,66,0.00281224,5.36113e-02,6.98813e-02,9.63547e-03,1.78332,2.875,15.30
99,0301,77,0.00282364,5.60197e-02,6.87392e-02,9.88862e-03,1.36288,2.877,15.30
100,0301,88,0.00298476,6.02210e-02,7.11387e-02,9.19709e-03,2.23986,2.859,15.30
101,0301,99,0.002771,5.79551e-02,6.85477e-02,9.37091e-03,1.04837,2.873,15.30
102,0301,110,0.00292163,6.07760e-02,6.95922e-02,9.31427e-03,2.03925,2.891,15.30
103,0301,121,0.00281369,5.68152e-02,6.93656e-02,8.87570e-03,1.53023,2.901,15.30
104,0301,132,0.00266507,5.21091e-02,6.85494e-02,8.87447e-03,1.09511,2.872,15.30
105,0204,0,0.00284456,5.94621e-02,5.80668e-02,8.04142e-03,1.51581,2.895,15.30
106,0204,11,0.00220075,4.82093e-02,5.19631e-02,8.18484e-03,0.985923,2.875,15.30
107,0204,22,0.00235693,5.21469e-02,5.26759e-02,8.35008e-03,1.61425,2.870,15.30
108,0204,33,0.00249838,5.60959e-02,5.25581e-02,8.68859e-03,1.45419,2.879,15.30
109,0204,44,0.00238574,4.90347e-02,5.49674e-02,8.76565e-03,1.2591,2.868,15.30
110,0204,55,0.00231738,4.92406e-02,5.38695e-02,8.65579e-03,1.50697,2.901,15.30
111,0204,66,0.00203256,4.46113e-02,5.04694e-02,8.26915e-03,0.951302,2.902,15.30
112,0204,77,0.00219559,4.62531e-02,5.29991e-02,8.11464e-03,1.58463,2.873,15.30
113,0204,88,0.00240796,5.04153e-02,5.45368e-02,8.19220e-03,1.52284,2.904,15.30
114,0204,99,0.00214882,4.50897e-02,5.28085e-02,8.20846e-03,1.12834,2.868,15.30
115,0204,110,0.00229107,4.82870e-02,5.39016e-02,8.28022e-03,1.85009,2.889,15.30
116,0204,121,0.00237926,5.06936e-02,5.34085e-02,8.12061e-03,1.62112,2.882,15.30
117,0204,132,0.00214888,4.37935e-02,5.32333e-02,8.13245e-03,1.46887,2.897,15.30
118,0301,0,0.00363653,5.84553e-02,7.45063e-02,1.00381e-02,1.84873,2.873,15.30
119,0301,11,0.00326436,5.43650e-02,7.26254e-02,8.73600e-03,1.41575,2.895,15.30
120,0301,22,0.00303277,5.60671e-02,7.02590e-02,8.64546e-03,1.23502,2.872,15.30
121,0301,33,0.00322273,6.28344e-02,7.32599e-02,8.92946e-03,1.32556,2.861,15.30
122,0301,44,0.00320242,6.24952e-02,7.37317e-02,8.87102e-03,1.43678,2.898,15.30
123,0301,55,0.00282201,5.58508e-02,6.96771e-02,8.82293e-03,1.10409,2.894,15.30
124,0301,66,0.00270897,5.36379e-02,6.81805e-02,9.15408e-03,1.40755,2.883,15.30
125,0301,77,0.00283413,5.79768e-02,6.80883e-02,9.29554e-03,1.42358,2.901,15.30
126,0301,88,0.00272296,5.73464e-02,6.79703e-02,9.16606e-03,1.15787,2.904,15.30
127,0301,99,0.00303381,6.11584e-02,7.15373e-02,9.43273e-03,2.16207,2.867,15.30
128,0301,110,0.00287172,5.80912e-02,7.00723e-02,8.90174e-03,1.43512,2.901,15.30
129,0301,121,0.00299691,5.87268e-02,7.15959e-02,8.82372e-03,1.87145,2.870,15.30
130,0301,132,0.00278656,5.37752e-02,6.99097e-02,8.87967e-03,1.38899,2.874,15.30
131,0204,0,0.00281886,5.81121e-02,5.84808e-02,7.90620e-03,1.39057,2.869,15.30
132,0204,11,0.00225421,4.95312e-02,5.22161e-02,8.01056e-03,1.00151,2.860,15.30
133,0204,22,0.00213973,4.77038e-02,5.12970e-02,8.24656e-03,0.839302,2.869,15.30
134,0204,33,0.00232203,5.08403e-02,5.26253e-02,8.67495e-03,1.13929,2.870,15.30
135,0204,44,0.0023081,4.80115e-02,5.42386e-02,8.33554e-03,1.22084,2.878,15.30
136,0204,55,0.00206828,4.54561e-02,5.14978e-02,8.04312e-03,0.855059,2.869,15.30
137,0204,66,0.00205305,4.56831e-02,5.03475e-02,7.86407e-03,1.08248,2.859,15.30
138,0204,77,0.00219462,4.62062e-02,5.30237e-02,8.02173e-03,1.64178,2.871,15.30
139,0204,88,0.00214328,4.59993e-02,5.22586e-02,8.00051e-03,0.89836,2.857,15.30
140,0204,99,0.00203964,4.31267e-02,5.18929e-02,7.81421e-03,1.10412,2.877,15.30
141,0204,110,0.00218276,4.56977e-02,5.34060e-02,7.89833e-03,1.72926,2.901,15.30
142,0204,121,0.00207946,4.36017e-02,5.19260e-02,7.89386e-03,0.902056,2.853,15.30
143,0204,132,0.00210997,4.19277e-02,5.34519e-02,8.11546e-03,1.58268,2.890,15.30
144,0301,0,0.00365522,5.71545e-02,7.53957e-02,9.72780e-03,2.29736,2.900,15.30
145,0301,11,0.00317842,5.27310e-02,7.20848e-02,8.36255e-03,1.6213,2.898,15.30
146,0301,22,0.00297553,5.68692e-02,6.90412e-02,8.14671e-03,1.74328,2.861,15.30
147,0301,33,0.00326035,6.45351e-02,7.30564e-02,8.83559e-03,1.86185,2.884,15.30
148,0301,44,0.00314136,6.21677e-02,7.28833e-02,8.87564e-03,1.59633,2.889,15.30
149,0301,55,0.00288316,5.74298e-02,6.99949e-02,8.79612e-03,1.28054,2.874,15.30
150,0301,66,0.00270912,5.33812e-02,6.83509e-02,8.81505e-03,1.68357,2.869,15.30
151,0301,77,0.00260512,5.26552e-02,6.66494e-02,8.90420e-03,1.11245,2.866,15.30
152,0301,88,0.0027415,5.65770e-02,6.87261e-02,8.70528e-03,1.86655,2.871,15.30
153,0301,99,0.00274249,5.61458e-02,6.89249e-02,9.13015e-03,1.2376,2.895,15.30
154,0301,110,0.0026559,5.63751e-02,6.71476e-02,8.58303e-03,1.32471,2.863,15.30
155,0301,121,0.00260556,5.28926e-02,6.75979e-02,8.23094e-03,1.09421,2.888,15.30
156,0301,132,0.00264568,5.22965e-02,6.82196e-02,8.27046e-03,1.56122,2.884,15.30
157,0204,0,0.00266386,5.55002e-02,5.74388e-02,7.68689e-03,1.26355,2.899,15.30
158,0204,11,0.00209435,4.61554e-02,5.12066e-02,7.85420e-03,0.732919,2.868,15.30
159,0204,22,0.00204739,4.55238e-02,5.08317e-02,7.97325e-03,0.720786,2.892,15.30
160,0204,33,0.00225746,5.05523e-02,5.16719e-02,8.37254e-03,0.99494,2.859,15.30
161,0204,44,0.00220975,4.59132e-02,5.36182e-02,8.25093e-03,1.1397,2.932,15.30
162,0204,55,0.00202162,4.42177e-02,5.12617e-02,8.13634e-03,0.834103,2.884,15.30
163,0204,66,0.00200123,4.40445e-02,5.02548e-02,7.91280e-03,0.918063,2.908,15.30
164,0204,77,0.00200385,4.34097e-02,5.10115e-02,7.89615e-03,0.92126,2.870,15.30
165,0204,88,0.00200537,4.36833e-02,5.09583e-02,7.84033e-03,1.00926,2.868,15.30
166,0204,99,0.00198062,4.30410e-02,5.08405e-02,7.81018e-03,0.948542,2.878,15.30
167,0204,110,0.00198479,4.29525e-02,5.12035e-02,7.76925e-03,0.873672,2.877,15.30
168,0204,121,0.00189801,4.05936e-02,5.01230e-02,7.63090e-03,0.613253,2.873,15.30
169,0204,132,0.00193359,4.04812e-02,5.10127e-02,7.72529e-03,1.07017,2.868,15.30
170,0301,0,0.00316129,5.01216e-02,7.13874e-02,9.08434e-03,1.90837,2.863,15.30
171,0301,11,0.00290887,4.95789e-02,6.92973e-02,8.15230e-03,1.08008,2.872,15.30
172,0301,22,0.0030818,5.70760e-02,7.06847e-02,7.89483e-03,2.34687,2.868,15.30
173,0301,33,0.00337678,6.42498e-02,7.51235e-02,8.40631e-03,2.19523,2.902,15.30
174,0301,44,0.00326903,6.39135e-02,7.41597e-02,8.70473e-03,1.81352,2.885,15.30
175,0301,55,0.00291697,5.83972e-02,7.01234e-02,8.73442e-03,1.45332,2.873,15.30
176,0301,66,0.00286369,5.45952e-02,7.04385e-02,8.81863e-03,2.05643,2.880,15.30
177,0301,77,0.00279718,5.58477e-02,6.85248e-02,8.90449e-03,1.69164,2.889,15.30
178,0301,88,0.00299457,6.05089e-02,7.12550e-02,8.59991e-03,2.31001,2.882,15.30
179,0301,99,0.00293302,6.05337e-02,7.02008e-02,8.91851e-03,1.78224,2.887,15.30
180,0301,110,0.00285609,5.96497e-02,6.90426e-02,9.06710e-03,1.75765,2.873,15.30
181,0301,121,0.002688,5.48540e-02,6.81305e-02,8.52379e-03,1.40709,2.917,15.30
182,0301,132,0.002539,5.02003e-02,6.72626e-02,8.18145e-03,1.16202,2.863,15.30
183,0204,0,0.00284126,5.81841e-02,5.88139e-02,7.90099e-03,1.4709,2.884,15.30
184,0204,11,0.00233514,4.94853e-02,5.37009e-02,8.02298e-03,1.46546,2.861,15.30
185,0204,22,0.00231899,5.13667e-02,5.25413e-02,7.88030e-03,1.61219,2.872,15.30
186,0204,33,0.00230686,5.22544e-02,5.15853e-02,8.18811e-03,1.24999,2.869,15.30
187,0204,44,0.00237055,4.96900e-02,5.44531e-02,8.16244e-03,1.54722,2.862,15.30
188,0204,55,0.0023519,5.10107e-02,5.35699e-02,8.20872e-03,1.54892,2.871,15.30
189,0204,66,0.00206763,4.50111e-02,5.09779e-02,7.90606e-03,1.60501,2.907,15.30
190,0204,77,0.00206027,4.50550e-02,5.12236e-02,7.77243e-03,1.39451,2.881,15.30
191,0204,88,0.00212772,4.56174e-02,5.22320e-02,7.70106e-03,1.19986,2.870,15.30
192,0204,99,0.00207818,4.46975e-02,5.18084e-02,7.74799e-03,1.32672,2.885,15.30
193,0204,110,0.00208647,4.55834e-02,5.17200e-02,7.82595e-03,1.06206,2.869,15.30
194,0204,121,0.00197458,4.23057e-02,5.07227e-02,7.52228e-03,0.866264,2.898,15.30
195,0204,132,0.001955,4.14720e-02,5.09673e-02,7.51354e-03,0.931801,2.865,15.30
196,0301,0,0.00315717,5.07049e-02,7.11477e-02,8.68383e-03,1.75207,2.873,15.30
197,0301,11,0.00303219,5.05324e-02,7.08464e-02,7.87719e-03,1.57433,2.879,15.30
198,0301,22,0.00283058,5.39371e-02,6.80297e-02,7.99423e-03,1.53436,2.893,15.30
199,0301,33,0.00306311,6.12563e-02,7.14785e-02,8.31046e-03,1.62124,2.867,15.30
200,0301,44,0.00300934,6.00631e-02,7.17805e-02,8.15542e-03,1.70969,2.871,15.30
201,0301,55,0.00262664,5.35269e-02,6.74345e-02,8.16154e-03,1.00032,2.892,15.30
202,0301,66,0.00290475,5.45152e-02,7.11861e-02,8.62790e-03,2.47009,2.869,15.30
203,0301,77,0.00292931,5.84933e-02,6.95184e-02,8.93780e-03,2.07052,2.863,15.30
204,0301,88,0.0029888,6.05405e-02,7.11542e-02,8.51497e-03,2.31734,2.872,15.30
205,0301,99,0.00282225,5.86703e-02,6.92195e-02,8.62445e-03,1.57997,2.873,15.30
206,0301,110,0.00292839,6.13124e-02,6.94843e-02,9.06507e-03,1.98479,2.872,15.30
207,0301,121,0.00285053,5.72483e-02,6.97833e-02,8.97610e-03,1.88951,2.904,15.30
208,0301,132,0.00253637,5.09534e-02,6.68416e-02,8.53012e-03,0.968216,2.889,15.30
209,0204,0,0.00298056,6.23502e-02,5.85752e-02,7.77566e-03,1.7087,2.889,15.30
210,0204,11,0.00230881,5.05958e-02,5.26130e-02,7.87393e-03,1.16153,2.897,15.30
211,0204,22,0.00229398,5.12978e-02,5.21589e-02,7.68852e-03,1.52557,2.891,15.30
212,0204,33,0.00239685,5.51150e-02,5.14951e-02,7.84776e-03,1.52509,2.894,15.30
213,0204,44,0.00234791,4.94819e-02,5.42346e-02,7.79455e-03,1.30296,2.874,15.30
214,0204,55,0.00224749,4.88429e-02,5.29925e-02,7.78874e-03,1.42667,2.891,15.30
215,0204,66,0.00196188,4.30226e-02,5.01113e-02,7.60524e-03,0.833766,2.875,15.30
216,0204,77,0.00213744,4.59606e-02,5.21609e-02,7.78481e-03,1.34707,2.869,15.30
217,0204,88,0.00217035,4.65327e-02,5.25065e-02,7.78015e-03,1.36993,2.872,15.30
218,0204,99,0.00202859,4.34434e-02,5.15263e-02,7.82492e-03,0.847781,2.868,15.30
219,0204,110,0.00205045,4.55653e-02,5.10809e-02,7.69326e-03,1.02344,2.867,15.30
220,0204,121,0.00199703,4.19488e-02,5.13211e-02,7.49584e-03,1.22453,2.877,15.30
221,0204,132,0.00210357,4.40124e-02,5.24020e-02,7.62253e-03,1.49476,2.861,15.30
222,0301,0,0.00323051,5.22018e-02,7.15687e-02,8.93093e-03,1.59395,2.867,15.30
223,0301,11,0.00294856,4.95789e-02,6.99486e-02,7.89005e-03,1.45276,2.901,15.30
224,0301,22,0.00282655,5.32997e-02,6.82472e-02,7.99025e-03,1.42695,2.883,15.30
225,0301,33,0.00307396,6.11582e-02,7.17320e-02,8.11369e-03,1.50525,2.868,15.30
226,0301,44,0.00298715,5.94923e-02,7.16876e-02,8.05945e-03,1.58428,2.863,15.30
227,0301,55,0.00259785,5.25194e-02,6.73888e-02,8.07853e-03,0.886412,2.870,15.30
228,0301,66,0.00276149,5.36284e-02,6.91903e-02,8.47231e-03,1.99382,2.883,15.30
229,0301,77,0.0026163,5.35308e-02,6.65148e-02,8.47374e-03,1.28481,2.875,15.30
230,0301,88,0.00289107,5.96823e-02,6.99288e-02,8.27142e-03,2.27114,2.873,15.30
231,0301,99,0.00271173,5.71824e-02,6.79884e-02,8.56930e-03,1.29189,2.899,15.30
232,0301,110,0.00290721,6.08039e-02,6.94357e-02,8.60862e-03,2.094,2.858,15.30
233,0301,121,0.00263593,5.46164e-02,6.73738e-02,8.15487e-03,1.36905,2.885,15.30
234,0301,132,0.00261157,5.24701e-02,6.75306e-02,8.37611e-03,1.38112,2.858,15.30
235,0204,0,0.00270119,5.68363e-02,5.72869e-02,7.68072e-03,1.46642,2.861,15.30
236,0204,11,0.00208901,4.61881e-02,5.11271e-02,7.64583e-03,0.882594,2.877,15.30
237,0204,22,0.00208916,4.71052e-02,5.08029e-02,7.62983e-03,1.11755,2.856,15.30
238,0204,33,0.00217584,4.90862e-02,5.11013e-02,7.96547e-03,1.27973,2.877,15.30
239,0204,44,0.00228601,4.69225e-02,5.45152e-02,7.85570e-03,1.35656,2.854,15.30
240,0204,55,0.00204707,4.49467e-02,5.14375e-02,7.69294e-03,1.09068,2.883,15.30
241,0204,66,0.0019659,4.29612e-02,5.02237e-02,7.57942e-03,1.43543,2.892,15.30
242,0204,77,0.00215099,4.69637e-02,5.18782e-02,7.71633e-03,1.36829,2.873,15.30
243,0204,88,0.00205231,4.44021e-02,5.14805e-02,7.71917e-03,0.933096,2.872,15.30
244,0204,99,0.00204036,4.41348e-02,5.14141e-02,7.68269e-03,1.26712,2.861,15.30
245,0204,110,0.00201913,4.40953e-02,5.12972e-02,7.55905e-03,0.983208,2.861,15.30
246,0204,121,0.00193151,4.10366e-02,5.05744e-02,7.40250e-03,0.850893,2.871,15.30
247,0204,132,0.00203717,4.23966e-02,5.20294e-02,7.48497e-03,1.59518,2.895,15.30
248,0301,0,0.00316299,5.13500e-02,7.09745e-02,8.62803e-03,1.81007,2.883,15.30
249,0301,11,0.00288152,4.93038e-02,6.90219e-02,7.86283e-03,1.36947,2.868,15.30
250,0301,22,0.00286496,5.53781e-02,6.79797e-02,7.72030e-03,1.8639,2.872,15.30
251,0301,33,0.00316538,6.30748e-02,7.23241e-02,8.05949e-03,1.98828,2.869,15.30
252,0301,44,0.003008,6.01008e-02,7.17435e-02,8.13091e-03,1.55856,2.897,15.30
253,0301,55,0.00264317,5.41587e-02,6.74373e-02,8.17607e-03,1.07193,2.885,15.30
254,0301,66,0.00284285,5.40963e-02,7.03599e-02,8.47257e-03,2.31425,2.870,15.30
255,0301,77,0.00284511,5.68301e-02,6.89046e-02,8.77282e-03,1.85044,2.870,15.30
256,0301,88,0.00292604,5.93349e-02,7.06779e-02,8.37815e-03,2.34516,2.873,15.30
257,0301,99,0.00276572,5.69979e-02,6.90341e-02,8.49932e-03,1.61884,2.933,15.30
258,0301,110,0.00287321,6.00960e-02,6.91558e-02,8.85585e-03,1.99225,2.881,15.30
259,0301,121,0.00277608,5.60991e-02,6.90782e-02,8.65438e-03,1.88731,2.878,15.30
260,0301,132,0.0024917,5.00407e-02,6.64825e-02,8.23268e-03,0.970858,2.873,15.30
261,0204,0,0.00282315,5.87710e-02,5.81619e-02,7.85221e-03,1.49786,2.885,15.30
262,0204,11,0.00225588,4.87216e-02,5.27277e-02,7.92393e-03,1.48328,2.888,15.30
263,0204,22,0.0022796,5.15514e-02,5.17521e-02,7.62024e-03,1.59769,2.865,15.30
264,0204,33,0.0023017,5.30205e-02,5.10688e-02,7.86676e-03,1.36029,2.872,15.30
265,0204,44,0.00235511,4.93737e-02,5.44352e-02,7.71747e-03,1.63987,2.882,15.30
266,0204,55,0.00232489,5.07455e-02,5.33276e-02,7.70333e-03,1.57902,2.878,15.30
267,0204,66,0.00205569,4.48490e-02,5.09199e-02,7.48988e-03,1.73665,2.901,15.30
268,0204,77,0.0020594,4.50429e-02,5.12339e-02,7.66129e-03,1.12183,2.887,15.30
269,0204,88,0.00208753,4.43270e-02,5.21812e-02,7.64628e-03,1.2504,2.864,15.30
270,0204,99,0.00204835,4.38110e-02,5.17374e-02,7.63773e-03,1.37241,2.910,15.30
271,0204,110,0.002002,4.44923e-02,5.07428e-02,7.68812e-03,0.835769,2.886,15.30
272,0204,121,0.00194619,4.18400e-02,5.04548e-02,7.37114e-03,1.00207,2.888,15.30
273,0204,132,0.00195979,4.13927e-02,5.11159e-02,7.39660e-03,1.16647,2.882,15.30
274,0301,0,0.00320744,5.13753e-02,7.16116e-02,8.68085e-03,1.78857,2.886,15.30
275,0301,11,0.00300618,5.06897e-02,7.03994e-02,7.76096e-03,1.57316,2.885,15.30
276,0301,22,0.00281814,5.35402e-02,6.80225e-02,7.84240e-03,1.59692,2.879,15.30
277,0301,33,0.00308685,6.16997e-02,7.16808e-02,8.15474e-03,1.69105,2.879,15.30
278,0301,44,0.00299637,5.99082e-02,7.16486e-02,8.05443e-03,1.69153,2.902,15.30
279,0301,55,0.00261374,5.31291e-02,6.74008e-02,8.05522e-03,1.03463,2.890,15.30
280,0301,66,0.00289471,5.45424e-02,7.10477e-02,8.34118e-03,2.40006,2.874,15.30
281,0301,77,0.00290203,5.79014e-02,6.93970e-02,8.55130e-03,2.01206,2.883,15.30
282,0301,88,0.00295837,5.99740e-02,7.09481e-02,8.21854e-03,2.29373,2.897,15.30
283,0301,99,0.00275995,5.77736e-02,6.85889e-02,8.37824e-03,1.45684,2.878,15.30
284,0301,110,0.00293807,6.05348e-02,7.00648e-02,8.82742e-03,2.13021,2.881,15.30
285,0301,121,0.00287404,5.72109e-02,7.02422e-02,8.69848e-03,1.96237,2.884,15.30
286,0301,132,0.00255088,5.08959e-02,6.71452e-02,8.38730e-03,1.05992,2.895,15.30
287,0204,0,0.00290895,6.08625e-02,5.83219e-02,7.76952e-03,1.61356,2.924,15.30
288,0204,11,0.00228301,5.06320e-02,5.21408e-02,7.76312e-03,1.19979,2.864,15.30
289,0204,22,0.00228485,5.15953e-02,5.18279e-02,7.59094e-03,1.46723,2.876,15.30
290,0204,33,0.00230423,5.29425e-02,5.11784e-02,7.79810e-03,1.34952,2.892,15.30
291,0204,44,0.00238525,4.94522e-02,5.49105e-02,7.77938e-03,1.42435,2.919,15.30
292,0204,55,0.00227445,4.96168e-02,5.30671e-02,7.66793e-03,1.43112,2.889,15.30
293,0204,66,0.00193815,4.26769e-02,4.98746e-02,7.43270e-03,0.77709,2.872,15.30
294,0204,77,0.00214305,4.64420e-02,5.20345e-02,7.61815e-03,1.30968,2.879,15.30
295,0204,88,0.00210926,4.51343e-02,5.21574e-02,7.65452e-03,1.17744,2.891,15.30
296,0204,99,0.00202841,4.37811e-02,5.13698e-02,7.71387e-03,0.937226,2.869,15.30
297,0204,110,0.00202733,4.51983e-02,5.08790e-02,7.49475e-03,1.02133,2.885,15.30
298,0204,121,0.00194884,4.15733e-02,5.06560e-02,7.26645e-03,0.910869,2.894,15.30
299,0204,132,0.00204288,4.30744e-02,5.18121e-02,7.39241e-03,1.38097,2.858,15.30
300,0301,0,0.0032423,5.19524e-02,7.18909e-02,8.62036e-03,1.83882,2.887,15.30
301,0301,11,0.00297984,4.98760e-02,7.03187e-02,7.82458e-03,1.57053,2.875,15.30
302,0301,22,0.00279616,5.29766e-02,6.79263e-02,7.71605e-03,1.49733,2.882,15.30
303,0301,33,0.00307112,6.16999e-02,7.14615e-02,7.82938e-03,1.62639,2.869,15.30
304,0301,44,0.00299658,6.01320e-02,7.15675e-02,7.89350e-03,1.67769,2.910,15.30
305,0301,55,0.00257184,5.22601e-02,6.70517e-02,8.01682e-03,0.861132,2.874,15.30
306,0301,66,0.00281298,5.44507e-02,6.97228e-02,8.30332e-03,2.22687,2.871,15.30
307,0301,77,0.00272745,5.54748e-02,6.75678e-02,8.42448e-03,1.62043,2.887,15.30
308,0301,88,0.00295362,5.92200e-02,7.12320e-02,8.13935e-03,2.47079,2.879,15.30
309,0301,99,0.00276285,5.72330e-02,6.88925e-02,8.37678e-03,1.54661,2.866,15.30
310,0301,110,0.00295212,6.14358e-02,6.98777e-02,8.75799e-03,2.21181,2.898,15.30
311,0301,121,0.00285119,5.71728e-02,6.98843e-02,8.60158e-03,2.05909,2.895,15.30
312,0301,132,0.00249814,4.99631e-02,6.66344e-02,8.20634e-03,0.97493,2.871,15.30
313,0204,0,0.00281756,5.93551e-02,5.77160e-02,7.79326e-03,1.59429,2.895,15.30
314,0204,11,0.00223876,4.85661e-02,5.25094e-02,7.89888e-03,1.41354,2.870,15.30
315,0204,22,0.00232348,5.23123e-02,5.21090e-02,7.55561e-03,1.83368,2.869,15.30
316,0204,33,0.00235861,5.44517e-02,5.12296e-02,7.77411e-03,1.52999,2.867,15.30
317,0204,44,0.0023532,4.95419e-02,5.43220e-02,7.63690e-03,1.82254,2.884,15.30
318,0204,55,0.00235503,5.14032e-02,5.34978e-02,7.65258e-03,1.62796,2.861,15.30
319,0204,66,0.00217225,4.63216e-02,5.22746e-02,7.42118e-03,2.0948,2.886,15.30
320,0204,77,0.00199167,4.40009e-02,5.05619e-02,7.41713e-03,1.01988,2.904,15.30
321,0204,88,0.00241996,4.80273e-02,5.61063e-02,7.77215e-03,2.8359,2.881,15.30
322,0204,99,0.00246059,4.82798e-02,5.66552e-02,7.88040e-03,2.47241,2.872,15.30
323,0204,110,0.00221343,4.63334e-02,5.36394e-02,7.81879e-03,1.44524,2.898,15.30
324,0204,121,0.00216759,4.50314e-02,5.28246e-02,7.64830e-03,1.81434,2.888,15.30
325,0204,132,0.00213367,4.40797e-02,5.29142e-02,7.59705e-03,1.39079,2.868,15.30
326,0301,0,0.00329961,5.42820e-02,7.16969e-02,8.88616e-03,1.78346,2.885,15.30
327,0301,11,0.00296646,5.09941e-02,6.96237e-02,8.03854e-03,1.12072,2.885,15.30
328,0301,22,0.0030452,5.75734e-02,6.98318e-02,8.19351e-03,1.92103,2.899,15.30
329,0301,33,0.00324068,6.30291e-02,7.35317e-02,8.38985e-03,1.85098,2.877,15.30
330,0301,44,0.00314433,6.08747e-02,7.36182e-02,8.32194e-03,1.7118,2.875,15.30
331,0301,55,0.00275042,5.54832e-02,6.86967e-02,8.24629e-03,1.28153,2.875,15.30
332,0301,66,0.00287881,5.37566e-02,7.11359e-02,8.27448e-03,2.24007,2.908,15.30
333,0301,77,0.00287355,5.78046e-02,6.90082e-02,8.21289e-03,1.95087,2.880,15.30
334,0301,88,0.00291603,5.95964e-02,7.04389e-02,7.96871e-03,2.186,2.873,15.30
335,0301,99,0.00278803,5.80949e-02,6.89400e-02,8.30591e-03,1.25996,2.883,15.30
336,0301,110,0.00293247,5.93382e-02,7.05644e-02,8.64615e-03,1.99402,2.875,15.30
337,0301,121,0.00281316,5.57223e-02,6.99155e-02,8.44631e-03,1.65628,2.872,15.30
338,0301,132,0.00251747,5.05205e-02,6.67435e-02,8.18228e-03,1.04185,2.865,15.30
339,0204,0,0.00281319,5.82622e-02,5.83177e-02,7.76459e-03,1.65913,2.869,15.30
340,0204,11,0.00228184,5.04077e-02,5.22570e-02,7.73875e-03,1.15383,2.878,15.30
341,0204,22,0.00219944,4.92349e-02,5.16599e-02,7.53827e-03,1.38284,2.896,15.30
342,0204,33,0.00222155,5.02287e-02,5.12991e-02,7.84685e-03,1.09664,2.887,15.30
343,0204,44,0.00232803,4.78216e-02,5.48176e-02,7.62475e-03,1.46886,2.866,15.30
344,0204,55,0.00221333,4.79965e-02,5.28777e-02,7.58104e-03,1.23658,2.903,15.30
345,0204,66,0.00201433,4.46496e-02,5.02652e-02,7.42996e-03,1.05681,2.873,15.30
346,0204,77,0.0021276,4.56239e-02,5.21915e-02,7.60953e-03,1.29402,2.867,15.30
347,0204,88,0.00208743,4.50753e-02,5.17889e-02,7.64683e-03,1.11363,2.867,15.30
348,0204,99,0.00201351,4.39602e-02,5.10240e-02,7.57583e-03,0.896973,2.875,15.30
349,0204,110,0.00200351,4.38959e-02,5.11412e-02,7.37104e-03,1.03548,2.861,15.30
350,0204,121,0.00199973,4.24720e-02,5.11623e-02,7.19169e-03,1.30533,2.873,15.30
351,0204,132,0.00201099,4.25021e-02,5.15219e-02,7.34579e-03,1.06375,2.873,15.30
352,0301,0,0.00320792,5.17072e-02,7.15070e-02,8.49592e-03,1.81576,2.878,15.30
353,0301,11,0.002948,5.11362e-02,6.93053e-02,7.82850e-03,1.3796,2.884,15.30
354,0301,22,0.00295602,5.66834e-02,6.88569e-02,7.80326e-03,1.92964,2.932,15.30
355,0301,33,0.00327058,6.53634e-02,7.29229e-02,7.99908e-03,2.0535,2.883,15.30
356,0301,44,0.0031459,6.21466e-02,7.30678e-02,8.14416e-03,1.75424,2.903,15.30
357,0301,55,0.00272334,5.55910e-02,6.81715e-02,8.27492e-03,1.25649,2.877,15.30
358,0301,66,0.00283004,5.37678e-02,7.03063e-02,8.35100e-03,2.11562,2.894,15.30
359,0301,77,0.00297259,5.88422e-02,7.01527e-02,8.43097e-03,2.05202,2.868,15.30
360,0301,88,0.00292155,5.91720e-02,7.07097e-02,8.14337e-03,2.18851,2.882,15.30
361,0301,99,0.00265543,5.60984e-02,6.75423e-02,8.23171e-03,1.13719,2.881,15.30
362,0301,110,0.00294903,6.11765e-02,6.99750e-02,8.59527e-03,2.24102,2.879,15.30
363,0301,121,0.00295023,5.77582e-02,7.12919e-02,8.59861e-03,2.0188,2.881,15.30
364,0301,132,0.00263074,5.13312e-02,6.83685e-02,8.32639e-03,1.26011,2.907,15.30
365,0204,0,0.00285086,5.98332e-02,5.79785e-02,7.82256e-03,1.61939,2.874,15.30
366,0204,11,0.00226223,4.91040e-02,5.26332e-02,7.87895e-03,1.46536,2.874,15.30
367,0204,22,0.00256305,5.68799e-02,5.35505e-02,7.68417e-03,2.06705,2.866,15.30
368,0204,33,0.00260319,5.93345e-02,5.24562e-02,7.80294e-03,1.91697,2.874,15.30
369,0204,44,0.00237042,5.13491e-02,5.36023e-02,7.60860e-03,1.59398,2.863,15.30
370,0204,55,0.00232666,5.07655e-02,5.33718e-02,7.56547e-03,1.51613,2.894,15.30
371,0204,66,0.00221069,4.73466e-02,5.24322e-02,7.29089e-03,1.86793,2.875,15.30
372,0204,77,0.00205463,4.52666e-02,5.10846e-02,7.32690e-03,1.03288,2.880,15.30
373,0204,88,0.00224189,4.68318e-02,5.36708e-02,7.56551e-03,1.88616,2.882,15.30
374,0204,99,0.00231451,4.78564e-02,5.44048e-02,7.65327e-03,1.61876,2.867,15.30
375,0204,110,0.0021315,4.44985e-02,5.31323e-02,7.69804e-03,1.493,2.897,15.30
376,0204,121,0.00204167,4.44937e-02,5.08288e-02,7.56478e-03,1.05968,2.883,15.30
377,0204,132,0.00209787,4.26867e-02,5.29929e-02,7.42659e-03,1.65203,2.884,15.30
378,0301,0,0.00317977,5.37388e-02,7.01987e-02,8.62530e-03,1.56791,2.886,15.30
379,0301,11,0.0029856,5.08063e-02,7.00111e-02,7.94028e-03,1.34591,2.881,15.30
380,0301,22,0.00294574,5.54403e-02,6.92415e-02,7.94004e-03,1.56073,2.887,15.30
381,0301,33,0.00304573,6.03138e-02,7.16901e-02,7.91258e-03,1.55058,2.872,15.30
382,0301,44,0.0029565,5.88178e-02,7.15101e-02,7.86190e-03,1.61643,2.889,15.30
383,0301,55,0.0026509,5.37332e-02,6.77905e-02,8.00624e-03,1.09278,2.866,15.30
384,0301,66,0.00284085,5.53563e-02,6.98026e-02,8.18328e-03,2.18208,2.881,15.30
385,0301,77,0.00272804,5.66288e-02,6.70823e-02,8.06749e-03,1.66997,2.909,15.30
386,0301,88,0.00284586,5.74939e-02,7.02058e-02,8.05255e-03,2.04421,2.866,15.30
387,0301,99,0.00276034,5.65844e-02,6.91482e-02,8.37209e-03,1.3303,2.875,15.30
388,0301,110,0.00276275,5.65083e-02,6.89984e-02,8.36876e-03,1.55581,2.893,15.30
389,0301,121,0.00262088,5.38540e-02,6.74731e-02,8.00579e-03,1.25336,2.870,15.30
390,0301,132,0.00240675,4.86893e-02,6.55715e-02,7.92935e-03,0.739021,2.876,15.30
391,0204,0,0.00261427,5.43638e-02,5.72633e-02,7.59433e-03,1.37499,2.866,15.30
392,0204,11,0.00198048,4.36062e-02,5.05163e-02,7.47431e-03,0.709927,2.878,15.30
393,0204,22,0.00210485,4.72022e-02,5.10769e-02,7.44368e-03,1.5583,2.880,15.30
394,0204,33,0.00223246,5.07485e-02,5.11967e-02,7.80482e-03,1.14579,2.880,15.30
395,0204,44,0.00221194,4.65440e-02,5.34642e-02,7.46911e-03,1.32841,2.893,15.30
396,0204,55,0.00203013,4.50561e-02,5.11358e-02,7.26925e-03,1.18542,2.891,15.30
397,0204,66,0.00195391,4.32666e-02,4.98920e-02,7.27399e-03,0.886228,2.872,15.30
398,0204,77,0.00202709,4.40326e-02,5.12073e-02,7.42610e-03,0.990645,2.877,15.30
399,0204,88,0.00196775,4.26427e-02,5.08710e-02,7.38267e-03,1.0772,2.877,15.30
400,0204,99,0.00197062,4.23387e-02,5.10785e-02,7.42980e-03,1.16155,2.860,15.30
401,0204,110,0.0019386,4.23220e-02,5.07476e-02,7.23685e-03,0.832386,2.881,15.30
402,0204,121,0.00189323,4.01257e-02,5.03494e-02,7.13383e-03,0.852344,2.876,15.30
403,0204,132,0.00199578,4.09367e-02,5.20197e-02,7.26878e-03,1.54755,2.862,15.30
404,0301,0,0.00308294,5.02229e-02,7.03002e-02,8.28267e-03,1.91297,2.880,15.30
405,0301,11,0.00278334,4.88964e-02,6.76724e-02,7.60083e-03,1.10544,2.869,15.30
406,0301,22,0.00297301,5.66640e-02,6.91786e-02,7.52100e-03,2.37429,2.872,15.30
407,0301,33,0.00331967,6.50586e-02,7.38888e-02,7.85296e-03,2.35752,2.868,15.30
408,0301,44,0.00318818,6.23108e-02,7.36936e-02,8.07151e-03,1.79776,2.905,15.30
409,0301,55,0.00277487,5.60939e-02,6.88489e-02,8.16885e-03,1.5021,2.879,15.30
410,0301,66,0.00269553,5.22717e-02,6.86850e-02,8.28356e-03,1.82923,2.869,15.30
411,0301,77,0.00281815,5.69541e-02,6.84460e-02,8.35892e-03,1.82391,2.861,15.30
412,0301,88,0.00279086,5.74975e-02,6.92568e-02,8.03347e-03,2.03139,2.875,15.30
413,0301,99,0.00257089,5.38446e-02,6.70589e-02,8.22140e-03,0.964653,2.907,15.30
414,0301,110,0.00281011,5.88863e-02,6.87150e-02,8.34479e-03,2.09108,2.885,15.30
415,0301,121,0.00272936,5.44889e-02,6.90748e-02,8.09282e-03,1.68061,2.879,15.30
416,0301,132,0.00251512,5.02467e-02,6.68646e-02,7.85987e-03,1.20436,2.877,15.30
417,0204,0,0.00260079,5.48969e-02,5.67211e-02,7.59514e-03,1.43271,2.886,15.30
418,0204,11,0.00220882,4.79803e-02,5.23305e-02,7.69958e-03,1.85005,2.872,15.30
419,0204,22,0.00236532,5.30254e-02,5.24299e-02,7.59866e-03,1.71556,2.891,15.30
420,0204,33,0.0024086,5.43418e-02,5.22223e-02,7.79069e-03,2.04536,2.878,15.30
421,0204,44,0.0023025,4.89014e-02,5.37743e-02,7.65248e-03,1.31491,2.873,15.30
422,0204,55,0.00222906,4.88261e-02,5.27418e-02,7.35167e-03,1.81159,2.955,15.30
423,0204,66,0.00206679,4.56532e-02,5.07478e-02,7.16002e-03,1.39336,2.914,15.30
424,0204,77,0.00201004,4.44408e-02,5.07007e-02,7.26917e-03,1.1742,2.871,15.30
425,0204,88,0.00218309,4.60572e-02,5.30572e-02,7.39276e-03,1.72113,2.861,15.30
426,0204,99,0.00212444,4.46336e-02,5.27288e-02,7.50719e-03,1.33585,2.864,15.30
427,0204,110,0.00204582,4.41325e-02,5.17895e-02,7.47784e-03,1.47577,2.863,15.30
428,0204,121,0.00203012,4.40749e-02,5.08843e-02,7.28756e-03,1.16785,2.868,15.30
429,0204,132,0.00200963,4.11441e-02,5.21918e-02,7.15555e-03,1.61913,2.856,15.30
430,0301,0,0.00319258,5.30276e-02,7.07236e-02,8.46502e-03,1.698,2.878,15.30
431,0301,11,0.00299526,5.09373e-02,7.01342e-02,7.72409e-03,1.60925,2.849,15.30
432,0301,22,0.00287421,5.41910e-02,6.86628e-02,7.76518e-03,1.47505,2.876,15.30
433,0301,33,0.00302902,6.07606e-02,7.12221e-02,7.73926e-03,1.61521,2.867,15.30
434,0301,44,0.00297253,5.96642e-02,7.14064e-02,7.70320e-03,1.63595,2.870,15.30
435,0301,55,0.00259526,5.30802e-02,6.71336e-02,7.78005e-03,1.0633,2.880,15.30
436,0301,66,0.00275206,5.40641e-02,6.89128e-02,7.90987e-03,2.18388,2.882,15.30
437,0301,77,0.00276475,5.79669e-02,6.70856e-02,7.98297e-03,1.80218,2.864,15.30
438,0301,88,0.0028408,5.78812e-02,6.99456e-02,8.01406e-03,2.09331,2.867,15.30
439,0301,99,0.00269493,5.53429e-02,6.85859e-02,8.24241e-03,1.29239,2.893,15.30
440,0301,110,0.0027351,5.63912e-02,6.85877e-02,8.24481e-03,1.57918,2.888,15.30
441,0301,121,0.00266468,5.42513e-02,6.80661e-02,8.00876e-03,1.35252,2.854,15.30
442,0301,132,0.00240698,4.85092e-02,6.56527e-02,7.92096e-03,0.79607,2.856,15.30
443,0204,0,0.00261008,5.40996e-02,5.73397e-02,7.61416e-03,1.3693,2.878,15.30
444,0204,11,0.00205935,4.49166e-02,5.12919e-02,7.51016e-03,1.21127,2.873,15.30
445,0204,22,0.00217546,4.85300e-02,5.16434e-02,7.41988e-03,1.76721,2.874,15.30
446,0204,33,0.00224749,5.05075e-02,5.16155e-02,7.83985e-03,1.30189,2.856,15.30
447,0204,44,0.00240687,5.04457e-02,5.47782e-02,7.53577e-03,2.01483,2.878,15.30
448,0204,55,0.00222163,4.92187e-02,5.23793e-02,7.37362e-03,1.64956,2.869,15.30
449,0204,66,0.00220094,4.68923e-02,5.25104e-02,7.25915e-03,2.39932,2.859,15.30
450,0204,77,0.00225315,4.87586e-02,5.27918e-02,7.44273e-03,1.78782,2.868,15.30
451,0204,88,0.00246027,4.94415e-02,5.60387e-02,7.82050e-03,2.40811,2.874,15.30
452,0204,99,0.00237813,4.69861e-02,5.59218e-02,7.87129e-03,2.1614,2.872,15.30
453,0204,110,0.00214324,4.52343e-02,5.29754e-02,7.65526e-03,1.17767,2.858,15.30
454,0204,121,0.0020646,4.30719e-02,5.20186e-02,7.35928e-03,1.43023,2.898,15.30
455,0204,132,0.00210038,4.37878e-02,5.25032e-02,7.36129e-03,1.5037,2.896,15.30
456,0301,0,0.00365845,5.94313e-02,7.45180e-02,9.06294e-03,2.27451,2.867,15.30
457,0301,11,0.00315723,5.27656e-02,7.18056e-02,7.96254e-03,1.70642,2.887,15.30
458,0301,22,0.00287638,5.46766e-02,6.84759e-02,7.80160e-03,1.3042,2.860,15.30
459,0301,33,0.0031123,6.24940e-02,7.17616e-02,7.82045e-03,1.94767,2.857,15.30
460,0301,44,0.00297663,5.90476e-02,7.17566e-02,7.75202e-03,1.4822,2.860,15.30
461,0301,55,0.00272058,5.59360e-02,6.80134e-02,7.90889e-03,1.411,2.879,15.30
462,0301,66,0.00261278,5.25996e-02,6.71474e-02,7.95672e-03,1.38413,2.880,15.30
463,0301,77,0.0026041,5.40105e-02,6.61621e-02,7.89035e-03,1.40113,2.862,15.30
464,0301,88,0.00264258,5.55482e-02,6.75577e-02,7.96066e-03,1.50919,2.879,15.30
465,0301,99,0.00264303,5.50439e-02,6.78005e-02,8.26703e-03,1.12405,2.875,15.30
466,0301,110,0.00258919,5.33774e-02,6.74018e-02,8.03255e-03,1.06045,2.899,15.30
467,0301,121,0.00243433,5.08624e-02,6.54859e-02,7.72914e-03,0.786666,2.895,15.30
468,0301,132,0.00255184,5.17701e-02,6.68830e-02,7.66087e-03,1.51549,2.878,15.30
469,0204,0,0.00266528,5.66361e-02,5.68138e-02,7.52481e-03,1.48605,2.884,15.30
470,0204,11,0.00202364,4.50662e-02,5.05428e-02,7.49609e-03,0.834988,2.879,15.30
471,0204,22,0.00203647,4.60911e-02,5.04338e-02,7.30217e-03,1.18818,2.878,15.30
472,0204,33,0.00216443,4.95843e-02,5.06541e-02,7.62521e-03,1.10359,2.862,15.30
473,0204,44,0.0022054,4.58294e-02,5.37224e-02,7.47152e-03,1.22589,2.872,15.30
474,0204,55,0.00200791,4.46938e-02,5.08995e-02,7.32793e-03,0.980123,2.867,15.30
475,0204,66,0.00196502,4.37011e-02,4.98715e-02,7.27601e-03,0.932048,2.903,15.30
476,0204,77,0.00202938,4.42346e-02,5.11507e-02,7.38883e-03,1.05641,2.892,15.30
477,0204,88,0.00195501,4.27395e-02,5.06008e-02,7.27440e-03,0.987447,2.878,15.30
478,0204,99,0.00192763,4.23435e-02,5.02969e-02,7.25623e-03,0.956595,2.876,15.30
479,0204,110,0.00194102,4.20746e-02,5.09282e-02,7.17509e-03,0.96609,2.883,15.30
480,0204,121,0.0018554,3.99376e-02,4.97459e-02,7.02534e-03,0.720797,2.898,15.30
481,0204,132,0.00192275,4.04500e-02,5.09294e-02,7.13902e-03,1.28429,2.886,15.30
482,0301,0,0.00304514,4.97943e-02,6.99209e-02,8.20502e-03,2.09616,2.873,15.30
483,0301,11,0.00278424,4.90905e-02,6.75988e-02,7.65960e-03,1.07673,2.933,15.30
484,0301,22,0.00302177,5.75019e-02,6.95890e-02,7.42629e-03,2.52811,2.933,15.30
485,0301,33,0.00327746,6.50466e-02,7.32410e-02,7.61444e-03,2.3092,2.877,15.30
486,0301,44,0.00320111,6.20094e-02,7.40689e-02,7.89963e-03,1.94007,2.864,15.30
487,0301,55,0.00278811,5.62819e-02,6.90032e-02,8.07565e-03,1.57543,2.896,15.30
488,0301,66,0.00271844,5.24294e-02,6.90256e-02,8.16573e-03,1.98971,2.880,15.30
489,0301,77,0.0028154,5.61749e-02,6.87908e-02,8.17509e-03,1.91796,2.879,15.30
490,0301,88,0.00282776,5.78763e-02,6.97440e-02,7.85472e-03,2.10689,2.862,15.30
491,0301,99,0.00263004,5.48849e-02,6.76765e-02,8.01743e-03,1.27916,2.870,15.30
492,0301,110,0.0028045,5.84522e-02,6.88339e-02,8.27220e-03,2.00529,2.868,15.30
493,0301,121,0.00274436,5.46155e-02,6.92703e-02,8.14683e-03,1.69653,2.851,15.30
494,0301,132,0.00248778,4.95676e-02,6.66729e-02,7.81510e-03,1.17985,2.884,15.30
495,0204,0,0.00265749,5.50120e-02,5.76031e-02,7.75512e-03,1.51449,2.885,15.30
496,0204,11,0.0022932,4.90241e-02,5.32382e-02,7.87803e-03,2.07204,2.878,15.30
497,0204,22,0.0024096,5.31560e-02,5.31363e-02,7.70178e-03,1.83408,2.892,15.30
498,0204,33,0.00250898,5.58143e-02,5.30917e-02,7.85295e-03,2.35112,2.929,15.30
499,0204,44,0.00230991,4.87283e-02,5.39906e-02,7.71929e-03,1.58594,2.877,15.30
500,0204,55,0.00231974,5.06847e-02,5.33126e-02,7.45432e-03,2.0832,2.910,15.30
501,0204,66,0.00218703,4.75684e-02,5.18895e-02,7.23770e-03,1.7364,2.892,15.30
502,0204,77,0.00215616,4.66341e-02,5.22416e-02,7.20292e-03,1.85565,2.864,15.30
503,0204,88,0.00210029,4.62273e-02,5.14789e-02,7.24519e-03,1.29702,2.880,15.30
504,0204,99,0.00226855,4.60020e-02,5.45925e-02,7.50348e-03,2.08092,2.883,15.30
505,0204,110,0.00229238,4.70504e-02,5.46913e-02,7.66567e-03,1.86551,2.874,15.30
506,0204,121,0.00211806,4.45707e-02,5.22009e-02,7.48765e-03,1.60545,2.864,15.30
507,0204,132,0.00209993,4.33552e-02,5.27052e-02,7.40028e-03,1.65634,2.866,15.30
508,0301,0,0.00344478,5.69150e-02,7.26835e-02,8.58006e-03,2.10882,2.846,15.30
509,0301,11,0.0030727,5.17427e-02,7.10042e-02,7.57318e-03,1.60281,2.880,15.30
510,0301,22,0.00283439,5.32981e-02,6.84174e-02,7.68578e-03,1.11096,2.872,15.30
511,0301,33,0.00309753,6.07815e-02,7.23153e-02,7.99695e-03,1.73128,2.883,15.30
512,0301,44,0.00285444,5.58955e-02,7.11113e-02,7.81370e-03,1.35206,2.870,15.30
513,0301,55,0.00258689,5.30684e-02,6.69975e-02,7.72710e-03,1.03878,2.906,15.30
514,0301,66,0.0027209,5.21848e-02,6.92234e-02,7.80104e-03,1.88521,2.868,15.30
515,0301,77,0.0026241,5.41082e-02,6.65083e-02,7.61501e-03,1.48091,2.863,15.30
516,0301,88,0.00264824,5.49974e-02,6.79516e-02,7.64982e-03,1.63786,2.873,15.30
517,0301,99,0.00274548,5.58586e-02,6.92439e-02,8.19450e-03,1.54125,2.864,15.30
518,0301,110,0.00271227,5.53229e-02,6.86790e-02,8.20816e-03,1.26142,2.872,15.30
519,0301,121,0.00260306,5.44270e-02,6.69114e-02,7.89928e-03,1.35018,2.866,15.30
520,0301,132,0.0025259,5.06410e-02,6.68919e-02,7.82305e-03,1.4779,2.874,15.30
521,0204,0,0.0027811,5.75520e-02,5.82316e-02,7.59122e-03,1.51367,2.859,15.30
522,0204,11,0.00207066,4.52893e-02,5.13060e-02,7.48510e-03,0.920199,2.863,15.30
523,0204,22,0.00211864,4.77103e-02,5.10559e-02,7.39440e-03,1.23802,2.861,15.30
524,0204,33,0.00219769,5.05038e-02,5.07350e-02,7.57466e-03,1.14093,2.872,15.30
525,0204,44,0.0021874,4.54597e-02,5.36196e-02,7.30720e-03,1.27101,2.856,15.30
526,0204,55,0.00209041,4.62142e-02,5.16504e-02,7.21448e-03,1.2226,2.866,15.30
527,0204,66,0.0019387,4.36054e-02,4.94354e-02,7.19913e-03,0.965157,2.878,15.30
528,0204,77,0.00204477,4.46029e-02,5.12308e-02,7.46235e-03,1.12701,2.885,15.30
529,0204,88,0.00197382,4.26853e-02,5.09583e-02,7.41008e-03,0.910248,2.869,15.30
530,0204,99,0.00189826,4.16750e-02,5.00828e-02,7.22525e-03,0.775736,2.899,15.30
531,0204,110,0.00196252,4.31228e-02,5.08142e-02,7.10581e-03,1.09347,2.881,15.30
532,0204,121,0.00191134,4.08331e-02,5.03751e-02,6.95075e-03,1.0486,2.845,15.30
533,0204,132,0.00193871,4.10454e-02,5.09537e-02,7.04775e-03,1.23001,2.883,15.30
534,0301,0,0.00317683,5.11855e-02,7.12855e-02,8.35879e-03,2.1547,2.870,15.30
535,0301,11,0.00286181,4.97052e-02,6.85770e-02,7.64158e-03,1.29182,2.877,15.30
536,0301,22,0.00291914,5.53918e-02,6.88982e-02,7.43035e-03,2.28201,2.868,15.30
537,0301,33,0.00325398,6.40394e-02,7.33515e-02,7.65438e-03,2.27889,2.863,15.30
538,0301,44,0.00322397,6.34168e-02,7.37681e-02,7.92091e-03,1.96969,2.860,15.30
539,0301,55,0.0027767,5.65285e-02,6.87094e-02,7.94077e-03,1.60929,2.864,15.30
540,0301,66,0.00259462,5.07013e-02,6.76659e-02,7.93660e-03,1.76349,2.867,15.30
541,0301,77,0.00276008,5.60841e-02,6.79094e-02,7.98814e-03,1.80492,2.867,15.30
542,0301,88,0.00283351,5.77957e-02,6.98884e-02,7.79548e-03,2.1632,2.859,15.30
543,0301,99,0.00257791,5.35825e-02,6.73445e-02,7.91707e-03,1.14066,2.868,15.30
544,0301,110,0.00275041,5.78605e-02,6.81970e-02,8.06143e-03,1.94911,2.870,15.30
545,0301,121,0.00278868,5.54567e-02,6.96702e-02,8.05108e-03,1.73796,2.883,15.30
546,0301,132,0.00250813,4.98457e-02,6.69169e-02,7.81808e-03,1.20381,2.874,15.30
547,0204,0,0.00260802,5.41309e-02,5.72726e-02,7.70018e-03,1.36445,2.927,15.30
548,0204,11,0.00217403,4.76072e-02,5.19081e-02,7.66757e-03,1.61992,2.905,15.30
549,0204,22,0.0023936,5.33936e-02,5.27175e-02,7.60119e-03,1.76382,2.876,15.30
550,0204,33,0.00243571,5.46749e-02,5.24905e-02,7.87210e-03,1.74648,2.883,15.30
551,0204,44,0.00229234,4.88842e-02,5.36192e-02,7.55443e-03,1.40809,2.869,15.30
552,0204,55,0.00213733,4.70926e-02,5.20345e-02,7.26017e-03,1.30918,2.881,15.30
553,0204,66,0.00207418,4.52417e-02,5.11187e-02,7.09964e-03,1.54941,2.875,15.30
554,0204,77,0.00209066,4.56226e-02,5.15689e-02,7.29153e-03,1.17188,2.874,15.30
555,0204,88,0.00208131,4.47173e-02,5.19240e-02,7.30448e-03,1.14984,2.918,15.30
556,0204,99,0.00203477,4.36835e-02,5.15957e-02,7.38841e-03,1.20474,2.873,15.30
557,0204,110,0.00198591,4.35696e-02,5.09760e-02,7.39095e-03,0.907048,2.901,15.30
558,0204,121,0.00192953,4.18626e-02,5.01903e-02,7.02981e-03,0.928344,2.892,15.30
559,0204,132,0.00189133,4.03731e-02,5.03985e-02,7.02201e-03,0.744039,2.857,15.30
560,0301,0,0.00311668,5.04967e-02,7.07216e-02,8.05396e-03,1.89459,2.881,15.30
561,0301,11,0.00287541,5.03398e-02,6.85600e-02,7.38505e-03,1.42443,2.875,15.30
562,0301,22,0.00292206,5.60664e-02,6.86330e-02,7.46418e-03,2.1697,2.863,15.30
563,0301,33,0.00317985,6.32351e-02,7.25231e-02,7.75082e-03,2.10999,2.860,15.30
564,0301,44,0.0031139,6.15305e-02,7.28798e-02,7.77073e-03,1.86745,2.858,15.30
565,0301,55,0.00268825,5.49288e-02,6.79308e-02,7.78876e-03,1.40865,2.881,15.30
566,0301,66,0.00276735,5.26648e-02,6.97897e-02,7.91445e-03,2.2194,2.876,15.30
567,0301,77,0.00289073,5.78418e-02,6.92894e-02,8.16044e-03,2.11144,2.921,15.30
568,0301,88,0.00290239,5.92830e-02,7.03527e-02,7.97487e-03,2.20777,2.871,15.30
569,0301,99,0.00266956,5.56020e-02,6.80501e-02,8.03080e-03,1.47603,2.869,15.30
570,0301,110,0.00280227,5.81759e-02,6.89063e-02,8.40938e-03,1.86977,2.871,15.30
571,0301,121,0.00277577,5.54715e-02,6.94032e-02,8.33230e-03,1.80569,2.875,15.30
572,0301,132,0.00249942,5.05722e-02,6.64247e-02,8.00024e-03,1.15982,2.898,15.30
573,0204,0,0.00269614,5.57311e-02,5.78489e-02,7.71986e-03,1.4212,2.852,15.30
574,0204,11,0.00215598,4.73906e-02,5.17078e-02,7.60649e-03,1.26447,2.882,15.30
575,0204,22,0.00227574,5.17711e-02,5.15923e-02,7.35786e-03,1.54504,2.864,15.30
576,0204,33,0.00227103,5.18523e-02,5.12503e-02,7.74909e-03,1.27428,2.878,15.30
577,0204,44,0.00233861,4.85083e-02,5.46509e-02,7.52706e-03,1.47567,2.873,15.30
578,0204,55,0.00217303,4.80344e-02,5.21770e-02,7.23209e-03,1.34065,2.866,15.30
579,0204,66,0.0020241,4.47894e-02,5.04257e-02,7.12959e-03,1.26467,2.863,15.30
580,0204,77,0.00224551,4.76536e-02,5.32512e-02,7.51549e-03,1.70031,2.885,15.30
581,0204,88,0.00222391,4.67445e-02,5.33932e-02,7.58498e-03,1.27521,2.879,15.30
582,0204,99,0.00207398,4.41793e-02,5.20507e-02,7.46130e-03,1.33939,2.879,15.30
583,0204,110,0.00208213,4.67086e-02,5.10867e-02,7.49624e-03,1.08445,2.862,15.30
584,0204,121,0.00196156,4.25365e-02,5.04245e-02,7.17060e-03,0.95759,2.849,15.30
585,0204,132,0.00198418,4.24228e-02,5.11047e-02,7.12077e-03,1.03724,2.860,15.30
586,0301,0,0.00345041,5.54853e-02,7.34331e-02,8.33129e-03,2.21933,2.880,15.30
587,0301,11,0.00319185,5.30570e-02,7.22596e-02,7.51134e-03,1.9905,2.901,15.30
588,0301,22,0.00283818,5.38911e-02,6.82604e-02,7.34880e-03,1.5914,2.867,15.30
589,0301,33,0.0032522,6.45127e-02,7.30673e-02,7.83907e-03,2.26673,2.897,15.30
590,0301,44,0.00309266,6.10320e-02,7.27523e-02,7.86359e-03,1.73117,2.868,15.30
591,0301,55,0.00279354,5.70779e-02,6.87746e-02,7.70101e-03,1.64321,2.878,15.30
592,0301,66,0.00248085,4.97842e-02,6.60634e-02,7.85701e-03,1.2045,2.851,15.30
593,0301,77,0.00266913,5.42072e-02,6.72075e-02,7.94737e-03,1.58922,2.878,15.30
594,0301,88,0.00259132,5.34498e-02,6.76170e-02,7.77302e-03,1.57481,2.873,15.30
595,0301,99,0.00247713,5.25314e-02,6.60046e-02,7.81401e-03,0.763429,2.894,15.30
596,0301,110,0.00252632,5.27345e-02,6.65908e-02,7.81535e-03,1.00312,2.875,15.30
597,0301,121,0.00244154,5.05228e-02,6.57705e-02,7.68628e-03,0.932272,2.861,15.30
598,0301,132,0.00238237,4.81199e-02,6.54210e-02,7.55086e-03,1.1581,2.873,15.30
599,0204,0,0.00271457,5.87253e-02,5.63835e-02,7.50177e-03,1.60399,2.863,15.30
600,0204,11,0.00202,4.53483e-02,5.03217e-02,7.47835e-03,0.90496,2.876,15.30
601,0204,22,0.0021095,4.80798e-02,5.06905e-02,7.28245e-03,1.31981,2.855,15.30
602,0204,33,0.00228974,5.28138e-02,5.10249e-02,7.60081e-03,1.54215,2.867,15.30
603,0204,44,0.00221032,4.62135e-02,5.36016e-02,7.51812e-03,1.16786,2.877,15.30
604,0204,55,0.00206153,4.54730e-02,5.14945e-02,7.31233e-03,1.30146,2.872,15.30
605,0204,66,0.00191138,4.25383e-02,4.94807e-02,7.19106e-03,0.840186,2.876,15.30
606,0204,77,0.00209908,4.56409e-02,5.16940e-02,7.41009e-03,1.2795,2.898,15.30
607,0204,88,0.00201579,4.35582e-02,5.13160e-02,7.29139e-03,1.01112,2.891,15.30
608,0204,99,0.00193959,4.22898e-02,5.05530e-02,7.24221e-03,1.03427,2.915,15.30
609,0204,110,0.00193034,4.22196e-02,5.06502e-02,7.19410e-03,0.843002,2.922,15.30
610,0204,121,0.0019184,4.05680e-02,5.06327e-02,6.97196e-03,1.01469,2.892,15.30
611,0204,132,0.00189582,4.02543e-02,5.05466e-02,6.98408e-03,1.0912,2.865,15.30
612,0301,0,0.00320097,5.17702e-02,7.14290e-02,8.12823e-03,2.36835,2.860,15.30
613,0301,11,0.0028616,4.89357e-02,6.89070e-02,7.50042e-03,1.59961,2.866,15.30
614,0301,22,0.0029373,5.59090e-02,6.89661e-02,7.36498e-03,2.30323,2.854,15.30
615,0301,33,0.00334726,6.56109e-02,7.40927e-02,7.57919e-03,2.69283,2.891,15.30
616,0301,44,0.00307686,6.02443e-02,7.28867e-02,7.64328e-03,1.67581,2.880,15.30
617,0301,55,0.00268018,5.48384e-02,6.78658e-02,7.52307e-03,1.57731,2.873,15.30
618,0301,66,0.00253398,5.09973e-02,6.64971e-02,7.74059e-03,1.48343,2.891,15.30
619,0301,77,0.00265474,5.47509e-02,6.67265e-02,7.78088e-03,1.61966,2.878,15.30
620,0301,88,0.00262196,5.41021e-02,6.78823e-02,7.69360e-03,1.74658,2.879,15.30
621,0301,99,0.00253898,5.23310e-02,6.71971e-02,7.92135e-03,1.12714,2.872,15.30
622,0301,110,0.00256775,5.34232e-02,6.70450e-02,7.69586e-03,1.14664,2.853,15.30
623,0301,121,0.00248013,5.11602e-02,6.62111e-02,7.54803e-03,1.0481,2.874,15.30
624,0301,132,0.00249657,5.05434e-02,6.64460e-02,7.56507e-03,1.51402,2.866,15.30
625,0204,0,0.00263012,5.52574e-02,5.70016e-02,7.68678e-03,1.45917,2.893,15.30
626,0204,11,0.00198768,4.46593e-02,5.00618e-02,7.60699e-03,0.859608,2.896,15.30
627,0204,22,0.0020787,4.72653e-02,5.05559e-02,7.39566e-03,1.64124,2.877,15.30
628,0204,33,0.00233276,5.40825e-02,5.10035e-02,7.67698e-03,1.44081,2.849,15.30
629,0204,44,0.00225747,4.72759e-02,5.38755e-02,7.54633e-03,1.32582,2.853,15.30
630,0204,55,0.00210432,4.59178e-02,5.20425e-02,7.36999e-03,1.3863,2.877,15.30
631,0204,66,0.00191659,4.27133e-02,4.94889e-02,7.18786e-03,0.970967,2.883,15.30
632,0204,77,0.00220583,4.61979e-02,5.33290e-02,7.45317e-03,1.96221,2.882,15.30
633,0204,88,0.00235653,4.98240e-02,5.40736e-02,7.56677e-03,1.65187,2.861,15.30
634,0204,99,0.00214143,4.55400e-02,5.25838e-02,7.40597e-03,1.67164,2.889,15.30
635,0204,110,0.00203668,4.51176e-02,5.11177e-02,7.38613e-03,1.00887,2.863,15.30
636,0204,121,0.00203513,4.37213e-02,5.11820e-02,7.16619e-03,1.54745,2.846,15.30
637,0204,132,0.001973,4.13483e-02,5.14302e-02,7.11385e-03,1.0028,2.879,15.30
638,0301,0,0.00337834,5.34791e-02,7.31800e-02,8.90991e-03,2.03851,2.866,15.30
639,0301,11,0.00307132,5.05855e-02,7.14051e-02,7.98386e-03,1.63464,2.858,15.30
640,0301,22,0.00285697,5.44697e-02,6.82844e-02,7.54626e-03,1.66575,2.855,15.30
641,0301,33,0.00313462,6.29976e-02,7.19140e-02,7.58817e-03,1.82656,2.847,15.30
642,0301,44,0.00313336,6.18271e-02,7.30712e-02,7.68356e-03,1.89407,2.858,15.30
643,0301,55,0.00263075,5.39774e-02,6.73769e-02,7.62112e-03,1.22399,2.875,15.30
644,0301,66,0.00280346,5.35294e-02,7.00287e-02,7.87228e-03,2.31848,2.922,15.30
645,0301,77,0.00291286,5.89545e-02,6.91417e-02,8.07574e-03,2.13025,2.873,15.30
646,0301,88,0.00295785,6.13448e-02,7.02994e-02,8.07549e-03,2.12875,2.870,15.30
647,0301,99,0.00279442,5.71059e-02,6.95043e-02,8.35357e-03,1.49578,2.866,15.30
648,0301,110,0.00277724,5.68514e-02,6.90916e-02,8.37763e-03,1.59972,2.869,15.30
649,0301,121,0.00273357,5.44986e-02,6.91317e-02,8.17686e-03,1.37745,2.882,15.30
650,0301,132,0.00247788,4.94927e-02,6.65175e-02,7.89055e-03,1.07692,2.874,15.30
651,0204,0,0.00273092,5.49991e-02,5.88417e-02,7.80755e-03,1.3702,2.884,15.30
652,0204,11,0.00238436,4.98785e-02,5.43796e-02,7.85664e-03,2.07974,2.876,15.30
653,0204,22,0.00248951,5.38266e-02,5.41735e-02,7.60109e-03,2.0494,2.860,15.30
654,0204,33,0.00245658,5.47097e-02,5.28649e-02,7.77540e-03,2.03692,2.877,15.30
655,0204,44,0.00242942,5.04408e-02,5.51357e-02,7.76919e-03,1.52767,2.878,15.30
656,0204,55,0.00235852,5.14944e-02,5.35405e-02,7.45994e-03,1.83538,2.863,15.30
657,0204,66,0.00203802,4.52787e-02,5.04426e-02,6.99918e-03,1.27839,2.872,15.30
658,0204,77,0.00207632,4.53675e-02,5.14683e-02,7.12466e-03,1.48715,2.869,15.30
659,0204,88,0.00221385,4.72231e-02,5.29698e-02,7.50522e-03,1.29655,2.864,15.30
660,0204,99,0.00214707,4.44261e-02,5.32362e-02,7.54134e-03,1.30511,2.905,15.30
661,0204,110,0.00205698,4.48596e-02,5.16345e-02,7.38270e-03,1.16732,2.870,15.30
662,0204,121,0.00196527,4.31237e-02,5.01888e-02,7.18478e-03,0.919233,2.897,15.30
663,0204,132,0.00206372,4.31916e-02,5.21786e-02,7.12346e-03,1.59497,2.896,15.30
664,0301,0,0.0035515,5.72720e-02,7.40452e-02,8.62735e-03,2.08974,2.868,15.30
665,0301,11,0.00319623,5.30420e-02,7.23026e-02,7.74170e-03,1.97329,2.881,15.30
666,0301,22,0.00287309,5.29548e-02,6.92090e-02,7.59666e-03,1.36638,2.894,15.30
667,0301,33,0.00322933,6.39153e-02,7.30147e-02,7.62746e-03,2.29939,2.873,15.30
668,0301,44,0.00314559,6.21212e-02,7.31392e-02,7.63204e-03,1.8178,2.914,15.30
669,0301,55,0.00291023,5.96708e-02,6.95311e-02,7.75485e-03,1.83227,2.869,15.30
670,0301,66,0.00253876,5.31678e-02,6.56008e-02,7.74632e-03,1.1975,2.871,15.30
671,0301,77,0.00284479,5.86734e-02,6.81468e-02,7.84409e-03,2.23166,2.873,15.30
672,0301,88,0.00279273,5.97900e-02,6.81876e-02,8.08389e-03,1.61003,2.883,15.30
673,0301,99,0.00276571,5.72140e-02,6.89888e-02,8.10796e-03,1.5907,2.890,15.30
674,0301,110,0.00265906,5.42960e-02,6.82263e-02,8.05990e-03,1.25529,2.866,15.30
675,0301,121,0.00284555,5.57136e-02,7.04935e-02,8.27889e-03,2.1936,2.864,15.30
676,0301,132,0.00280947,5.40303e-02,7.02811e-02,8.21870e-03,2.30694,2.862,15.30
677,0204,0,0.00316092,6.29008e-02,6.11749e-02,7.85383e-03,2.19069,2.853,15.30
678,0204,11,0.00255549,5.38648e-02,5.50238e-02,8.00886e-03,1.64489,2.921,15.30
679,0204,22,0.00228348,4.92788e-02,5.31720e-02,7.54310e-03,1.61078,2.901,15.30
680,0204,33,0.00254779,5.80256e-02,5.24347e-02,7.27587e-03,2.01312,2.866,15.30
681,0204,44,0.00243359,5.42719e-02,5.30458e-02,7.17940e-03,1.79092,2.867,15.30
682,0204,55,0.00232577,5.01002e-02,5.37685e-02,7.37617e-03,1.72751,2.879,15.30
683,0204,66,0.00227689,4.84960e-02,5.29717e-02,7.35742e-03,1.6327,2.861,15.30
684,0204,77,0.00206311,4.46151e-02,5.16076e-02,7.21140e-03,1.48029,2.869,15.30
685,0204,88,0.00205082,4.50501e-02,5.11784e-02,7.33499e-03,1.05427,2.886,15.30
686,0204,99,0.00221446,4.52024e-02,5.40428e-02,7.53894e-03,1.86913,2.874,15.30
687,0204,110,0.00209156,4.36296e-02,5.28979e-02,7.39772e-03,1.26816,2.874,15.30
688,0204,121,0.00217708,4.39799e-02,5.35933e-02,7.24769e-03,2.22402,2.881,15.30
689,0204,132,0.00213528,4.32138e-02,5.34158e-02,7.34547e-03,1.76401,2.870,15.30
690,0301,0,0.00358661,5.97311e-02,7.33894e-02,8.84202e-03,2.27587,2.882,15.30
691,0301,11,0.00333351,5.46656e-02,7.36084e-02,8.07557e-03,1.88155,2.887,15.30
692,0301,22,0.00299713,5.63751e-02,6.96617e-02,7.82297e-03,1.64745,2.880,15.30
693,0301,33,0.00315094,6.13111e-02,7.29309e-02,8.07686e-03,1.59751,2.894,15.30
694,0301,44,0.00320954,6.03555e-02,7.49223e-02,8.26598e-03,1.90702,2.872,15.30
695,0301,55,0.00274735,5.49447e-02,6.89181e-02,8.04002e-03,1.33752,2.873,15.30
696,0301,66,0.00277108,5.22423e-02,7.00058e-02,8.12645e-03,1.85257,2.888,15.30
697,0301,77,0.00292073,5.73992e-02,6.99996e-02,8.18735e-03,1.99403,2.907,15.30
698,0301,88,0.00279192,5.73569e-02,6.93727e-02,7.79027e-03,1.8431,2.866,15.30
699,0301,99,0.00270324,5.65524e-02,6.82250e-02,7.91010e-03,1.46578,2.893,15.30
700,0301,110,0.00274833,5.52882e-02,6.93195e-02,8.21893e-03,1.27304,2.871,15.30
701,0301,121,0.00279121,5.78119e-02,6.86236e-02,8.09078e-03,1.5959,2.879,15.30
702,0301,132,0.00261724,5.15747e-02,6.80813e-02,7.95003e-03,1.62463,2.864,15.30
703,0204,0,0.00276977,5.56507e-02,5.91167e-02,7.82078e-03,1.67842,2.889,15.30
704,0204,11,0.00229033,4.91962e-02,5.31177e-02,7.71664e-03,1.70917,2.875,15.30
705,0204,22,0.00221467,4.91681e-02,5.19881e-02,7.49623e-03,1.62091,2.860,15.30
706,0204,33,0.00240966,5.30295e-02,5.30980e-02,7.58229e-03,2.03914,2.882,15.30
707,0204,44,0.00233063,5.00710e-02,5.36842e-02,7.27061e-03,1.76115,2.876,15.30
708,0204,55,0.00211903,4.56168e-02,5.24962e-02,7.23770e-03,1.63241,2.876,15.30
709,0204,66,0.0020605,4.44061e-02,5.13124e-02,7.09550e-03,1.35487,2.909,15.30
710,0204,77,0.00215037,4.52369e-02,5.28764e-02,7.20659e-03,1.98251,2.870,15.30
711,0204,88,0.00208163,4.48575e-02,5.18466e-02,7.36229e-03,1.27918,2.884,15.30
712,0204,99,0.00226048,4.77805e-02,5.35386e-02,7.36464e-03,2.16539,2.851,15.30
713,0204,110,0.00218294,4.53430e-02,5.36737e-02,7.42578e-03,1.78585,2.864,15.30
714,0204,121,0.00207209,4.40109e-02,5.16716e-02,7.39234e-03,1.47127,2.871,15.30
715,0204,132,0.00201644,4.22197e-02,5.17858e-02,7.20638e-03,1.48722,2.869,15.30
716,0301,0,0.00340347,5.79331e-02,7.15945e-02,8.71902e-03,2.03832,2.865,15.30
717,0301,11,0.0030908,5.24881e-02,7.09035e-02,8.06419e-03,1.57682,2.866,15.30
718,0301,22,0.00294025,5.60589e-02,6.89041e-02,7.68845e-03,1.49628,2.872,15.30
719,0301,33,0.0030739,6.20352e-02,7.13964e-02,7.41812e-03,1.6465,2.882,15.30
720,0301,44,0.00291987,5.81189e-02,7.12628e-02,7.46382e-03,1.54612,2.877,15.30
721,0301,55,0.00250321,5.02475e-02,6.67673e-02,7.58147e-03,0.837553,2.862,15.30
722,0301,66,0.0027077,5.42750e-02,6.80614e-02,7.84433e-03,1.72309,2.869,15.30
723,0301,77,0.00265876,5.52005e-02,6.65846e-02,7.79292e-03,1.60273,2.877,15.30
724,0301,88,0.00250509,5.24438e-02,6.65114e-02,7.78567e-03,1.15602,2.863,15.30
725,0301,99,0.00280732,5.77046e-02,6.94904e-02,8.07125e-03,2.03227,2.905,15.30
726,0301,110,0.00277178,5.57522e-02,6.95249e-02,8.16428e-03,1.32259,2.908,15.30
727,0301,121,0.00279585,5.72581e-02,6.89682e-02,8.06456e-03,1.74651,2.919,15.30
728,0301,132,0.00239139,4.82904e-02,6.54792e-02,7.79944e-03,0.953224,2.899,15.30
729,0204,0,0.002576,5.32488e-02,5.72504e-02,7.53591e-03,1.50813,2.876,15.30
730,0204,11,0.00199211,4.42018e-02,5.04124e-02,7.50876e-03,0.884649,2.875,15.30
731,0204,22,0.00211272,4.74270e-02,5.11161e-02,7.33703e-03,1.61578,2.882,15.30
732,0204,33,0.00225685,5.21061e-02,5.08752e-02,7.47960e-03,1.3809,2.866,15.30
733,0204,44,0.00214895,4.51742e-02,5.31057e-02,7.12457e-03,1.43578,2.873,15.30
734,0204,55,0.00204132,4.52960e-02,5.12463e-02,7.10085e-03,1.12214,2.868,15.30
735,0204,66,0.00204912,4.46279e-02,5.09832e-02,7.10339e-03,1.57607,2.863,15.30
736,0204,77,0.00208323,4.52396e-02,5.16342e-02,7.30170e-03,1.23175,2.899,15.30
737,0204,88,0.00205756,4.45536e-02,5.15552e-02,7.39936e-03,1.17255,2.888,15.30
738,0204,99,0.00198157,4.18612e-02,5.15401e-02,7.31171e-03,1.2678,2.860,15.30
739,0204,110,0.00196447,4.28062e-02,5.09847e-02,7.27065e-03,0.973692,2.874,15.30
740,0204,121,0.00187836,4.06022e-02,4.98691e-02,6.94432e-03,0.751355,2.883,15.30
741,0204,132,0.00187104,3.96981e-02,5.03573e-02,6.92584e-03,0.78076,2.869,15.30
742,0301,0,0.00313936,5.11735e-02,7.07355e-02,8.36173e-03,1.92544,2.874,15.30
743,0301,11,0.00279819,4.90485e-02,6.78641e-02,7.46555e-03,1.17704,2.883,15.30
744,0301,22,0.00311135,5.96718e-02,6.99916e-02,7.48833e-03,2.48414,2.887,15.30
745,0301,33,0.00345073,6.79830e-02,7.45344e-02,7.75809e-03,2.5773,2.869,15.30
746,0301,44,0.00317763,6.11731e-02,7.40784e-02,7.89068e-03,1.80554,2.907,15.30
747,0301,55,0.00286052,5.72851e-02,6.97937e-02,7.96429e-03,1.72434,2.893,15.30
748,0301,66,0.00255061,5.03979e-02,6.70367e-02,7.85218e-03,1.411,2.849,15.30
749,0301,77,0.00271011,5.48351e-02,6.76198e-02,8.03291e-03,1.5816,2.932,15.30
750,0301,88,0.00270211,5.71865e-02,6.78682e-02,7.85075e-03,1.79096,2.893,15.30
751,0301,99,0.00252147,5.37641e-02,6.62280e-02,8.03684e-03,0.895313,2.875,15.30
752,0301,110,0.00257566,5.35790e-02,6.70998e-02,7.82428e-03,1.07061,2.896,15.30
753,0301,121,0.00248337,5.17549e-02,6.60032e-02,7.59378e-03,0.998645,2.869,15.30
754,0301,132,0.00247095,5.02786e-02,6.61177e-02,7.43987e-03,1.56783,2.893,15.30
755,0204,0,0.00250401,5.31362e-02,5.60704e-02,7.50583e-03,1.31892,2.857,15.30
756,0204,11,0.00203959,4.56151e-02,5.05343e-02,7.54021e-03,1.48077,2.877,15.30
757,0204,22,0.0020349,4.61144e-02,5.03670e-02,7.43662e-03,1.23381,2.882,15.30
758,0204,33,0.00219338,5.03085e-02,5.07786e-02,7.54187e-03,1.5662,2.876,15.30
759,0204,44,0.00217779,4.65861e-02,5.28549e-02,7.29101e-03,1.42318,2.874,15.30
760,0204,55,0.00199821,4.37566e-02,5.12423e-02,7.13840e-03,1.23975,2.865,15.30
761,0204,66,0.00192932,4.26935e-02,4.97678e-02,7.03771e-03,1.25396,2.904,15.30
762,0204,77,0.00208197,4.46398e-02,5.19269e-02,7.29994e-03,1.37268,2.880,15.30
763,0204,88,0.00204763,4.39846e-02,5.16802e-02,7.32627e-03,1.15838,2.892,15.30
764,0204,99,0.00192936,4.21072e-02,5.04636e-02,7.17516e-03,1.28444,2.895,15.30
765,0204,110,0.0019934,4.44775e-02,5.06699e-02,7.22671e-03,1.15198,2.889,15.30
766,0204,121,0.00190644,4.10315e-02,5.01772e-02,6.99942e-03,0.956265,2.866,15.30
767,0204,132,0.0018842,4.02603e-02,5.03327e-02,6.93954e-03,0.90998,2.889,15.30
768,0301,0,0.00324128,5.22797e-02,7.18211e-02,8.02123e-03,2.30392,2.900,15.30
769,0301,11,0.0028749,4.88147e-02,6.92057e-02,7.16623e-03,1.54945,2.866,15.30
770,0301,22,0.00296137,5.67117e-02,6.90017e-02,7.24811e-03,2.3486,2.868,15.30
771,0301,33,0.00328266,6.50886e-02,7.33027e-02,7.63083e-03,2.49758,2.874,15.30
772,0301,44,0.00313793,6.02346e-02,7.38795e-02,7.76635e-03,1.78813,2.919,15.30
773,0301,55,0.0027665,5.56038e-02,6.90064e-02,7.60144e-03,1.6466,2.888,15.30
774,0301,66,0.00242162,4.84522e-02,6.56212e-02,7.48890e-03,1.33064,2.850,15.30
775,0301,77,0.00259433,5.29420e-02,6.64986e-02,7.75350e-03,1.44666,2.865,15.30
776,0301,88,0.00265377,5.47680e-02,6.81640e-02,7.56591e-03,1.89515,2.852,15.30
777,0301,99,0.00248638,5.17894e-02,6.65003e-02,7.80778e-03,0.889843,2.888,15.30
778,0301,110,0.00250917,5.27843e-02,6.62938e-02,7.55869e-03,1.11561,2.876,15.30
779,0301,121,0.00246095,5.12232e-02,6.58453e-02,7.48461e-03,0.980952,2.872,15.30
780,0301,132,0.00243077,5.00267e-02,6.55073e-02,7.39367e-03,1.37339,2.867,15.30
781,0204,0,0.00266752,5.63325e-02,5.70174e-02,7.63463e-03,1.49375,2.864,15.30
782,0204,11,0.00199903,4.48855e-02,5.01734e-02,7.50203e-03,0.931059,2.863,15.30
783,0204,22,0.00202361,4.64250e-02,5.00015e-02,7.29446e-03,1.25642,2.887,15.30
784,0204,33,0.00225585,5.22052e-02,5.07685e-02,7.62131e-03,1.27998,2.895,15.30
785,0204,44,0.00221067,4.56125e-02,5.39370e-02,7.42306e-03,1.2357,2.874,15.30
786,0204,55,0.00199806,4.44297e-02,5.08784e-02,7.18365e-03,1.08671,2.877,15.30
787,0204,66,0.00192703,4.29952e-02,4.95575e-02,7.08610e-03,0.904907,2.899,15.30
788,0204,77,0.00213712,4.61367e-02,5.21369e-02,7.35107e-03,1.32217,2.869,15.30
789,0204,88,0.00202313,4.39343e-02,5.12580e-02,7.29082e-03,1.00863,2.866,15.30
790,0204,99,0.00186983,4.14368e-02,4.96697e-02,7.16403e-03,0.781621,2.880,15.30
791,0204,110,0.00197721,4.32571e-02,5.10216e-02,7.10930e-03,1.1643,2.883,15.30
792,0204,121,0.00195114,4.14832e-02,5.07977e-02,6.94564e-03,1.11929,2.872,15.30
793,0204,132,0.00189964,4.08542e-02,5.03367e-02,6.92368e-03,1.0917,2.876,15.30
794,0301,0,0.00320838,5.28837e-02,7.10526e-02,8.22935e-03,2.12039,2.878,15.30
795,0301,11,0.00280372,4.98076e-02,6.76461e-02,7.38838e-03,1.18343,2.882,15.30
796,0301,22,0.00317792,6.13012e-02,7.02884e-02,7.27446e-03,2.66351,2.892,15.30
797,0301,33,0.00363656,7.19143e-02,7.54528e-02,7.57024e-03,2.8266,2.872,15.30
798,0301,44,0.00340189,6.48557e-02,7.59469e-02,7.87466e-03,1.96694,2.877,15.30
799,0301,55,0.00301824,5.95293e-02,7.13872e-02,8.04266e-03,1.91871,2.858,15.30
800,0301,66,0.00244034,4.98103e-02,6.53341e-02,7.78467e-03,1.07095,2.856,15.30
