step,loss,lpips_vgg,l1,gnorm_preclip,clipped,lr,s_per_step,peak_gib
1,0.306923,0.188965,0.117958,0.3842,0,4.000e-06,3.154,11.84
2,0.314165,0.193359,0.120806,0.2777,0,8.000e-06,2.932,12.32
3,0.312464,0.190918,0.121546,0.2216,0,1.200e-05,2.936,12.32
4,0.307063,0.188477,0.118587,0.1804,0,1.600e-05,2.944,12.32
5,0.303064,0.186035,0.117029,0.2224,0,2.000e-05,2.937,12.32
6,0.303825,0.186523,0.117301,0.2083,0,2.000e-05,2.938,12.32
7,0.303555,0.185547,0.118008,0.1834,0,2.000e-05,2.939,12.32
8,0.298204,0.182617,0.115586,0.1906,0,2.000e-05,2.939,12.32
9,0.299921,0.181152,0.118769,0.1907,0,2.000e-05,2.938,12.32
10,0.294208,0.178223,0.115985,0.1790,0,2.000e-05,2.941,12.32
11,0.293150,0.177734,0.115415,0.2032,0,2.000e-05,2.941,12.32
12,0.297483,0.180664,0.116819,0.2306,0,2.000e-05,2.940,12.32
13,0.308470,0.189941,0.118528,0.1798,0,2.000e-05,2.940,12.32
14,0.290962,0.174805,0.116158,0.1865,0,2.000e-05,2.942,12.32
15,0.289939,0.173828,0.116111,0.1855,0,2.000e-05,2.943,12.32
16,0.293091,0.174316,0.118775,0.2074,0,2.000e-05,2.941,12.32
17,0.303358,0.186035,0.117323,0.1710,0,2.000e-05,2.943,12.32
18,0.284216,0.170410,0.113806,0.1634,0,2.000e-05,2.947,12.32
19,0.294441,0.177246,0.117195,0.1543,0,2.000e-05,2.946,12.32
20,0.292679,0.175781,0.116898,0.1774,0,2.000e-05,2.948,12.32
