step,win_start,sig_idx,sigma,loss,grad_norm_preclip,step_s,peak_alloc_GiB
1,0,-1,0.6571,0.405974,0.3860,1.085,15.23
2,11,-1,43.15,0.499319,1.8235,1.039,15.25
3,22,-1,2.237,0.375115,1.3512,1.037,15.25
4,33,-1,4.121,0.480815,2.4352,1.074,15.25
5,44,-1,0.5532,0.474701,0.3318,1.056,15.25
6,55,-1,2.162,0.451346,1.8677,1.068,15.25
7,66,-1,10.77,0.636827,2.4775,1.048,15.25
8,77,-1,5.484,0.561170,3.3748,1.040,15.25
9,88,-1,3.112,0.428633,2.1799,1.050,15.25
10,99,-1,1.061,0.395536,0.4652,1.052,15.25
11,110,-1,0.9659,0.398172,0.5047,1.061,15.25
12,121,-1,0.3204,0.522920,0.1711,1.050,15.25
13,132,-1,28.94,0.591363,2.0095,1.051,15.25
14,0,-1,4.098,0.407769,2.9322,1.046,15.25
15,11,-1,6.021,0.384934,2.3894,1.043,15.25
16,22,-1,0.047,0.924393,0.1628,1.058,15.25
17,33,-1,5.389,0.455239,2.3495,1.051,15.25
18,44,-1,0.3532,0.539518,0.2153,1.044,15.25
19,55,-1,4.561,0.475408,2.6614,1.046,15.25
20,66,-1,0.5704,0.443083,0.2865,1.048,15.25
21,77,-1,7.077,0.508634,3.5175,1.041,15.25
22,88,-1,63.45,0.570431,2.8153,1.053,15.25
23,99,-1,4.141,0.396873,1.1935,1.039,15.25
24,110,-1,14.47,0.483175,2.5293,1.038,15.25
25,121,-1,0.4058,0.476621,0.2191,1.050,15.25
26,132,-1,92.43,0.554208,2.3857,1.047,15.25
27,0,-1,1.096,0.364874,0.8124,1.042,15.25
28,11,-1,0.7364,0.391415,0.4641,1.030,15.25
29,22,-1,6.1,0.372400,1.0664,1.048,15.25
30,33,-1,0.4902,0.484048,0.1902,1.057,15.25
31,44,-1,1.16,0.424899,0.4810,1.044,15.25
32,55,-1,7.751,0.464960,2.5938,1.057,15.25
33,66,-1,5.779,0.441840,2.2868,1.045,15.25
34,77,-1,0.06842,0.879655,0.1585,1.052,15.25
35,88,-1,0.8543,0.418535,0.4814,1.051,15.25
36,99,-1,1.503,0.390077,1.1212,1.081,15.25
37,110,-1,4.324,0.386631,0.6243,1.100,15.25
38,121,-1,6.806,0.410938,1.3388,1.050,15.25
39,132,-1,0.7009,0.398708,0.3096,1.055,15.25
40,0,-1,1.59,0.343732,0.9283,1.048,15.25
41,11,-1,4.361,0.323739,0.6830,1.044,15.25
42,22,-1,0.4896,0.459615,0.2098,1.064,15.25
43,33,-1,2.921,0.384243,0.3937,1.063,15.25
44,44,-1,1.856,0.405077,0.4745,1.053,15.25
45,55,-1,1.639,0.412311,0.5189,1.043,15.25
46,66,-1,8.994,0.439744,2.2447,1.065,15.25
47,77,-1,2.375,0.389614,0.5438,1.047,15.25
48,88,-1,6.173,0.385006,0.8156,1.070,15.25
49,99,-1,1.84,0.381045,0.9605,1.055,15.25
50,110,-1,11.97,0.405447,1.3776,1.046,15.25
51,121,-1,1.51,0.380865,0.9864,1.043,15.25
52,132,-1,1.191,0.382252,0.4763,1.064,15.25
53,0,-1,0.8582,0.372675,0.4133,1.049,15.25
54,11,-1,0.5547,0.419772,0.2319,1.067,15.25
55,22,-1,3.938,0.347479,0.4992,1.054,15.25
56,33,-1,0.2698,0.597479,0.2055,1.050,15.25
57,44,-1,45.24,0.456443,2.3334,1.064,15.25
58,55,-1,46.87,0.480694,3.0726,1.036,15.25
59,66,-1,1.528,0.399638,0.4320,1.068,15.25
60,77,-1,1.828,0.388060,0.4459,1.057,15.25
61,88,-1,0.8345,0.416108,0.3024,1.057,15.25
62,99,-1,1.781,0.370370,0.8117,1.059,15.25
63,110,-1,18.02,0.398807,1.1906,1.042,15.25
64,121,-1,26.37,0.417838,1.5622,1.041,15.25
65,132,-1,10.42,0.403698,1.1477,1.062,15.25
66,0,-1,0.5696,0.412993,0.2511,1.052,15.25
67,11,-1,32.04,0.331230,0.8255,1.053,15.25
68,22,-1,0.7922,0.397054,0.2200,1.063,15.25
69,33,-1,2.288,0.380380,0.3157,1.040,15.25
70,44,-1,17.83,0.411601,0.9757,1.062,15.25
71,55,-1,3.781,0.395840,0.4471,1.043,15.25
72,66,-1,3.152,0.387296,0.4811,1.067,15.25
73,77,-1,0.987,0.407114,0.3176,1.052,15.25
74,88,-1,24.97,0.384570,0.8118,1.062,15.25
75,99,-1,0.6285,0.435176,0.2012,1.044,15.25
76,110,-1,2.558,0.372403,0.8751,1.041,15.25
77,121,-1,3.898,0.376991,0.6586,1.067,15.25
78,132,-1,1.152,0.375254,0.3844,1.053,15.25
79,0,-1,3.916,0.311478,0.7872,1.063,15.25
80,11,-1,1.401,0.331096,0.6446,1.045,15.25
81,22,-1,7.598,0.348369,0.4542,1.055,15.25
82,33,-1,1.717,0.386520,0.3529,1.046,15.25
83,44,-1,4.842,0.390850,0.5029,1.051,15.25
84,55,-1,0.6268,0.438016,0.2652,1.059,15.25
85,66,-1,0.4798,0.458935,0.2457,1.051,15.25
86,77,-1,0.2102,0.639504,0.3042,1.060,15.25
87,88,-1,9.239,0.367498,0.4289,1.078,15.25
88,99,-1,1.733,0.364431,0.8160,1.052,15.25
89,110,-1,4.385,0.366466,0.6549,1.044,15.25
90,121,-1,0.3165,0.523347,0.2422,1.058,15.25
91,132,-1,7.334,0.376744,0.4446,1.044,15.25
92,0,-1,3.049,0.303046,0.6483,1.046,15.25
93,11,-1,1.407,0.328427,0.4513,1.052,15.25
94,22,-1,1.166,0.367625,0.5518,1.048,15.25
95,33,-1,5.097,0.373923,0.4695,1.046,15.25
96,44,-1,4.381,0.388902,0.5660,1.053,15.25
97,55,-1,11.96,0.399192,0.7931,1.070,15.25
98,66,-1,38.38,0.408434,1.5378,1.049,15.25
99,77,-1,7.2,0.368745,0.4911,1.051,15.25
100,88,-1,0.1469,0.738176,0.3279,1.050,15.25
101,99,-1,22.09,0.369770,0.4828,1.045,15.25
102,110,-1,1.526,0.362059,0.3905,1.049,15.25
103,121,-1,5.601,0.367400,0.6410,1.059,15.25
104,132,-1,1.587,0.366029,0.3610,1.053,15.25
105,0,-1,1.419,0.326241,0.5073,1.061,15.25
106,11,-1,6.07,0.303275,0.8202,1.055,15.25
107,22,-1,1.061,0.370649,0.4428,1.049,15.25
108,33,-1,1.183,0.401939,0.7362,1.046,15.25
109,44,-1,4.06,0.379950,0.5033,1.052,15.25
110,55,-1,4.743,0.380453,0.4917,1.050,15.25
111,66,-1,13.46,0.383576,0.7906,1.063,15.25
112,77,-1,6.116,0.362988,0.4337,1.044,15.25
113,88,-1,4.855,0.356236,0.7220,1.046,15.25
114,99,-1,0.4624,0.482099,0.2489,1.062,15.25
115,110,-1,2.491,0.355426,1.1648,1.038,15.25
116,121,-1,55.94,0.380265,0.5512,1.036,15.25
117,132,-1,2.69,0.354146,0.6817,1.065,15.25
118,0,-1,1.893,0.303902,0.4353,1.038,15.25
119,11,-1,0.103,0.783852,0.2995,1.040,15.25
120,22,-1,0.4179,0.488557,0.2328,1.063,15.25
121,33,-1,0.0874,0.855097,0.2807,1.052,15.25
122,44,-1,0.03193,0.964718,0.1334,1.057,15.25
123,55,-1,4.274,0.373786,0.5470,1.049,15.25
124,66,-1,1.422,0.387158,0.7669,1.047,15.25
125,77,-1,3.79,0.352912,0.3949,1.058,15.25
126,88,-1,1.472,0.365739,0.4100,1.063,15.25
127,99,-1,0.9572,0.389443,0.3364,1.050,15.25
128,110,-1,4.987,0.354484,1.0323,1.055,15.25
129,121,-1,17.03,0.367363,0.5818,1.052,15.25
130,132,-1,0.8273,0.385914,0.3010,1.046,15.25
131,0,-1,0.8453,0.367972,0.3287,1.052,15.25
132,11,-1,1.501,0.317531,0.7062,1.052,15.25
133,22,-1,13.22,0.334760,0.6313,1.046,15.25
134,33,-1,3.689,0.362159,0.8307,1.058,15.25
135,44,-1,1.017,0.415961,0.5260,1.055,15.25
136,55,-1,77.04,0.393569,0.9761,1.052,15.25
137,66,-1,18.35,0.372737,0.8876,1.051,15.25
138,77,-1,2.025,0.358287,0.4387,1.063,15.25
139,88,-1,1.387,0.368690,0.4227,1.069,15.25
140,99,-1,0.7621,0.412691,0.3595,1.059,15.25
141,110,-1,0.3112,0.551594,0.3369,1.041,15.25
142,121,-1,66.4,0.372271,0.6283,1.044,15.25
143,132,-1,7.745,0.353661,0.6792,1.052,15.25
144,0,-1,9.791,0.287941,0.8763,1.048,15.25
145,11,-1,9.849,0.292504,1.1284,1.060,15.25
146,22,-1,10.37,0.330323,0.8530,1.062,15.25
147,33,-1,45,0.365507,0.5864,1.050,15.25
148,44,-1,0.1741,0.702149,0.3248,1.043,15.25
149,55,-1,1.179,0.396610,0.5067,1.056,15.25
150,66,-1,1.798,0.370381,0.8894,1.073,15.25
151,77,-1,0.08119,0.856008,0.2536,1.057,15.25
152,88,-1,0.2507,0.615885,0.3484,1.050,15.25
153,99,-1,2.054,0.343112,0.5826,1.057,15.25
154,110,-1,6.145,0.343062,1.1366,1.057,15.25
155,121,-1,1.84,0.346906,0.4363,1.053,15.25
156,132,-1,0.6796,0.404328,0.3652,1.056,15.25
157,0,-1,1.589,0.309415,0.9599,1.046,15.25
158,11,-1,3.566,0.285440,1.0247,1.045,15.25
159,22,-1,0.8711,0.384833,0.2494,1.096,15.25
160,33,-1,5.987,0.359285,1.2207,1.054,15.25
161,44,-1,5.234,0.370491,1.2037,1.045,15.25
162,55,-1,15.79,0.375690,1.3973,1.062,15.25
163,66,-1,16.25,0.361351,1.0243,1.045,15.25
164,77,-1,27.53,0.354943,0.6242,1.073,15.25
165,88,-1,1.431,0.361913,0.4912,1.064,15.25
166,99,-1,10.53,0.351354,1.3202,1.054,15.25
167,110,-1,3.413,0.347598,1.5990,1.066,15.25
168,121,-1,2.084,0.353570,1.7900,1.059,15.25
169,132,-1,2.178,0.343614,0.7733,1.068,15.25
170,0,-1,2.383,0.284936,0.6152,1.046,15.25
171,11,-1,0.8852,0.361144,0.3068,1.060,15.25
172,22,-1,0.04048,0.943433,0.1606,1.042,15.25
173,33,-1,0.4135,0.520672,0.2902,1.051,15.25
174,44,-1,2.258,0.371784,1.4641,1.056,15.25
175,55,-1,1.284,0.390591,0.6590,1.046,15.25
176,66,-1,5.712,0.349336,0.7677,1.056,15.25
177,77,-1,2.344,0.346652,0.3974,1.053,15.25
178,88,-1,11.68,0.341217,0.8976,1.074,15.25
179,99,-1,0.8542,0.400669,0.3912,1.039,15.25
180,110,-1,15.88,0.348004,1.0342,1.041,15.25
181,121,-1,2.746,0.340200,1.4391,1.070,15.25
182,132,-1,1.657,0.347744,0.5546,1.043,15.25
183,0,-1,1.408,0.310946,0.5602,1.055,15.25
184,11,-1,0.3061,0.531126,0.3706,1.054,15.25
185,22,-1,10.75,0.319904,0.7153,1.063,15.25
186,33,-1,8.502,0.356884,1.2764,1.046,15.25
187,44,-1,0.553,0.471562,0.2682,1.065,15.25
188,55,-1,8.545,0.365611,1.2435,1.054,15.25
189,66,-1,0.2261,0.612665,0.3735,1.069,15.25
190,77,-1,2.586,0.343199,0.5330,1.058,15.25
191,88,-1,24.36,0.342422,0.6989,1.060,15.25
192,99,-1,6.084,0.338499,1.3004,1.047,15.25
193,110,-1,2.223,0.337709,1.1956,1.060,15.25
194,121,-1,39.92,0.355514,0.8330,1.050,15.25
195,132,-1,0.4209,0.464034,0.4335,1.060,15.25
196,0,-1,3.068,0.274509,1.2842,1.053,15.25
197,11,-1,1.835,0.299607,1.0546,1.066,15.25
198,22,-1,2.551,0.322963,1.0510,1.047,15.25
199,33,-1,8.097,0.355996,1.1146,1.065,15.25
200,44,-1,15.24,0.367546,1.2209,1.049,15.25
201,55,-1,1.28,0.387157,0.4706,1.054,15.25
202,66,-1,31.93,0.356791,1.0488,1.044,15.25
203,77,-1,0.2267,0.629633,0.3602,1.048,15.25
204,88,-1,1.965,0.347582,1.2067,1.062,15.25
205,99,-1,1.001,0.384746,0.6626,1.053,15.25
206,110,-1,1.335,0.358837,1.2642,1.061,15.25
207,121,-1,4.783,0.345047,1.5947,1.046,15.25
208,132,-1,1.368,0.357650,0.8033,1.057,15.25
209,0,-1,0.4623,0.444812,0.3872,1.047,15.25
210,11,-1,3.718,0.278090,1.0719,1.038,15.25
211,22,-1,5.639,0.314629,0.6662,1.052,15.25
212,33,-1,14.93,0.351829,0.7003,1.047,15.25
213,44,-1,5.151,0.359204,0.8436,1.052,15.25
214,55,-1,1.343,0.384276,0.7672,1.058,15.25
215,66,-1,8.728,0.346001,0.7977,1.040,15.25
216,77,-1,9.685,0.342496,0.5097,1.076,15.25
217,88,-1,1.095,0.380429,0.2634,1.059,15.25
218,99,-1,0.1007,0.823670,0.2794,1.066,15.25
219,110,-1,0.176,0.691031,0.3921,1.050,15.25
220,121,-1,1.455,0.351194,0.4337,1.060,15.25
221,132,-1,0.08594,0.825563,0.3164,1.045,15.25
222,0,-1,34.14,0.281866,1.0876,1.059,15.25
223,11,-1,0.2286,0.598511,0.3832,1.048,15.25
224,22,-1,2.012,0.323946,0.6223,1.053,15.25
225,33,-1,0.8862,0.418261,0.4427,1.056,15.25
226,44,-1,2.561,0.359471,1.0693,1.060,15.25
227,55,-1,5.737,0.353142,0.5988,1.047,15.25
228,66,-1,11.53,0.343719,0.4621,1.039,15.25
229,77,-1,0.8763,0.405769,0.3506,1.065,15.25
230,88,-1,0.9816,0.389477,0.3139,1.050,15.25
231,99,-1,0.4104,0.509980,0.3523,1.063,15.25
232,110,-1,0.5621,0.446418,0.4493,1.041,15.25
233,121,-1,0.781,0.396046,0.4865,1.039,15.25
234,132,-1,0.1293,0.733681,0.3763,1.056,15.25
235,0,-1,30.29,0.281050,1.1012,1.057,15.25
236,11,-1,1.081,0.334477,0.3444,1.044,15.25
237,22,-1,3.6,0.316302,1.0432,1.057,15.25
238,33,-1,2.1,0.353493,0.4749,1.044,15.25
239,44,-1,2.419,0.357708,0.5779,1.059,15.25
240,55,-1,0.4493,0.486894,0.3213,1.049,15.25
241,66,-1,11.73,0.343616,0.5533,1.054,15.25
242,77,-1,1.333,0.366444,0.4245,1.046,15.25
243,88,-1,1.819,0.347370,1.3901,1.045,15.25
244,99,-1,0.1927,0.674878,0.3196,1.063,15.25
245,110,-1,14.77,0.349826,1.5492,1.072,15.25
246,121,-1,2.545,0.336097,1.8122,1.055,15.25
247,132,-1,1.251,0.355706,0.3079,1.053,15.25
248,0,-1,0.1482,0.685324,0.4185,1.062,15.25
249,11,-1,2.311,0.286653,0.9592,1.061,15.25
250,22,-1,0.2724,0.581526,0.3441,1.061,15.25
251,33,-1,1.116,0.398254,0.9590,1.060,15.25
252,44,-1,13.43,0.363387,1.3396,1.046,15.25
253,55,-1,0.4115,0.500297,0.3831,1.046,15.25
254,66,-1,3.266,0.338768,1.0738,1.057,15.25
255,77,-1,3.861,0.336665,0.4272,1.049,15.25
256,88,-1,0.5722,0.456518,0.2293,1.054,15.25
257,99,-1,1.924,0.339287,1.0434,1.059,15.25
258,110,-1,1.895,0.338473,1.1460,1.065,15.25
259,121,-1,4.45,0.332254,1.3522,1.047,15.25
260,132,-1,6.68,0.328414,0.7608,1.081,15.25
261,0,-1,7.002,0.266599,1.0725,1.037,15.25
262,11,-1,2.358,0.284958,1.0201,1.046,15.25
263,22,-1,0.7981,0.391471,0.4122,1.061,15.25
264,33,-1,14.76,0.350395,1.3418,1.068,15.25
265,44,-1,0.7638,0.435083,0.3706,1.052,15.25
266,55,-1,6.881,0.351818,1.0269,1.056,15.25
267,66,-1,1.142,0.379027,0.5762,1.048,15.25
268,77,-1,1.523,0.358430,0.4831,1.048,15.25
269,88,-1,0.0814,0.866154,0.2319,1.055,15.25
270,99,-1,0.7448,0.412533,0.3455,1.052,15.25
271,110,-1,0.7751,0.400376,0.4146,1.050,15.25
272,121,-1,0.3418,0.521454,0.3470,1.050,15.25
273,132,-1,5.973,0.329465,1.1229,1.047,15.25
274,0,-1,4.01,0.267364,1.1510,1.053,15.25
275,11,-1,0.9314,0.349830,0.3894,1.048,15.25
276,22,-1,1.413,0.338514,0.3973,1.078,15.25
277,33,-1,11.52,0.347222,0.5898,1.066,15.25
278,44,-1,2.725,0.352733,0.7215,1.050,15.25
279,55,-1,2.952,0.347930,0.4882,1.041,15.25
280,66,-1,4.956,0.334853,0.4295,1.036,15.25
281,77,-1,8.431,0.336632,0.4570,1.061,15.25
282,88,-1,0.3516,0.542569,0.3403,1.051,15.25
283,99,-1,1.296,0.355960,0.7924,1.061,15.25
284,110,-1,39.34,0.350512,1.3849,1.062,15.25
285,121,-1,1.281,0.355323,0.8377,1.053,15.25
286,132,-1,3.834,0.324725,1.0641,1.044,15.25
287,0,-1,0.9913,0.341445,0.3615,1.047,15.25
288,11,-1,5.134,0.271421,0.4926,1.060,15.25
289,22,-1,3.716,0.308905,0.4307,1.043,15.25
290,33,-1,0.06264,0.908308,0.2284,1.053,15.25
291,44,-1,20.09,0.362274,1.4037,1.047,15.25
292,55,-1,3.394,0.345000,1.0767,1.042,15.25
293,66,-1,0.05768,0.903384,0.2156,1.048,15.25
294,77,-1,0.07492,0.873779,0.3242,1.044,15.25
295,88,-1,29.82,0.338646,0.9208,1.048,15.25
296,99,-1,0.659,0.429348,0.2675,1.068,15.25
297,110,-1,0.2215,0.633317,0.3106,1.045,15.25
298,121,-1,1.074,0.363115,0.2869,1.059,15.25
299,132,-1,0.5056,0.438190,0.3354,1.054,15.25
300,0,-1,0.1171,0.744778,0.3799,1.060,15.25
